test_number, cfg_file, cyclomatic_complexity, npath_complexity, path_cplxty_class, path_cplxty_asym, path_cplxty
1,/home/tunghn1/Inf199/PathComplexity/scripts/cfgextractor/outputs/Bclosure30/-101514631_firstPreciserScopeKnowingConditionOutcome_0_basic.dot,1,1,Constant,1.,1.
2,/home/tunghn1/Inf199/PathComplexity/scripts/cfgextractor/outputs/Bclosure30/-101514631_nextPreciserScopeKnowingConditionOutcome_0_basic.dot,2,2,Constant,2.,2.
3,/home/tunghn1/Inf199/PathComplexity/scripts/cfgextractor/outputs/Bclosure30/1030594328_caseBooleanType_0_basic.dot,1,1,Constant,1.,1.
4,/home/tunghn1/Inf199/PathComplexity/scripts/cfgextractor/outputs/Bclosure30/1030594328_caseFunctionType_0_basic.dot,1,1,Constant,1.,1.
5,/home/tunghn1/Inf199/PathComplexity/scripts/cfgextractor/outputs/Bclosure30/1030594328_caseNoObjectType_0_basic.dot,1,1,Constant,1.,1.
6,/home/tunghn1/Inf199/PathComplexity/scripts/cfgextractor/outputs/Bclosure30/1030594328_caseNullType_0_basic.dot,1,1,Constant,1.,1.
7,/home/tunghn1/Inf199/PathComplexity/scripts/cfgextractor/outputs/Bclosure30/1030594328_caseNumberType_0_basic.dot,1,1,Constant,1.,1.
8,/home/tunghn1/Inf199/PathComplexity/scripts/cfgextractor/outputs/Bclosure30/1030594328_caseObjectType_0_basic.dot,1,1,Constant,1.,1.
9,/home/tunghn1/Inf199/PathComplexity/scripts/cfgextractor/outputs/Bclosure30/1030594328_caseStringType_0_basic.dot,1,1,Constant,1.,1.
10,/home/tunghn1/Inf199/PathComplexity/scripts/cfgextractor/outputs/Bclosure30/1030594328_caseTopType_0_basic.dot,3,3,Constant,3.,3.
11,/home/tunghn1/Inf199/PathComplexity/scripts/cfgextractor/outputs/Bclosure30/1030594328_caseVoidType_0_basic.dot,1,1,Constant,1.,1.
12,/home/tunghn1/Inf199/PathComplexity/scripts/cfgextractor/outputs/Bclosure30/1030594328_<init>_0_basic.dot,1,1,Constant,1.,1.
13,/home/tunghn1/Inf199/PathComplexity/scripts/cfgextractor/outputs/Bclosure30/1030594328_matchesExpectation_0_basic.dot,2,2,Constant,2.,2.
14,/home/tunghn1/Inf199/PathComplexity/scripts/cfgextractor/outputs/Bclosure30/103418260_applyCommonRestriction_0_basic.dot,3,3,Constant,3.,3.
15,/home/tunghn1/Inf199/PathComplexity/scripts/cfgextractor/outputs/Bclosure30/103418260_caseFunctionType_0_basic.dot,1,1,Constant,1.,1.
16,/home/tunghn1/Inf199/PathComplexity/scripts/cfgextractor/outputs/Bclosure30/103418260_caseObjectType_0_basic.dot,1,1,Constant,1.,1.
17,/home/tunghn1/Inf199/PathComplexity/scripts/cfgextractor/outputs/Bclosure30/103418260_caseTopType_0_basic.dot,1,1,Constant,1.,1.
18,/home/tunghn1/Inf199/PathComplexity/scripts/cfgextractor/outputs/Bclosure30/103418260_caseUnionType_0_basic.dot,1,1,Constant,1.,1.
19,/home/tunghn1/Inf199/PathComplexity/scripts/cfgextractor/outputs/Bclosure30/103418260_caseUnknownType_0_basic.dot,1,1,Constant,1.,1.
20,/home/tunghn1/Inf199/PathComplexity/scripts/cfgextractor/outputs/Bclosure30/103418260_<init>_0_basic.dot,1,1,Constant,1.,1.
21,/home/tunghn1/Inf199/PathComplexity/scripts/cfgextractor/outputs/Bclosure30/1036785242_<init>_0_basic.dot,1,1,Constant,1.,1.
22,/home/tunghn1/Inf199/PathComplexity/scripts/cfgextractor/outputs/Bclosure30/1036785242_visit_0_basic.dot,3,3,Constant,3.,3.
23,/home/tunghn1/Inf199/PathComplexity/scripts/cfgextractor/outputs/Bclosure30/-1099564248_<init>_0_basic.dot,1,1,Constant,1.,1.
24,/home/tunghn1/Inf199/PathComplexity/scripts/cfgextractor/outputs/Bclosure30/-1099564248_intersectsLocation_0_basic.dot,2,2,Constant,2.,2.
25,/home/tunghn1/Inf199/PathComplexity/scripts/cfgextractor/outputs/Bclosure30/-1099564248_isEmpty_0_basic.dot,2,2,Constant,2.,2.
26,/home/tunghn1/Inf199/PathComplexity/scripts/cfgextractor/outputs/Bclosure30/-1099564248_join_0_basic.dot,1,1,Constant,1.,1.
27,/home/tunghn1/Inf199/PathComplexity/scripts/cfgextractor/outputs/Bclosure30/-1124997374_addCandidateNameReference_0_basic.dot,2,2,Constant,2.,2.
28,/home/tunghn1/Inf199/PathComplexity/scripts/cfgextractor/outputs/Bclosure30/1191139621_calculateLocationSummary_0_basic.dot,5,9,Exponential,6.22*1.35^n,0.14 + 0.05*0.91^n + 0.7000000000000001*1.17^n + 3.11*1.31^n + 6.22*1.35^n
29,/home/tunghn1/Inf199/PathComplexity/scripts/cfgextractor/outputs/Bclosure30/1191139621_effectMaskForVariableReference_0_basic.dot,6,6,Constant,6.,6.
30,/home/tunghn1/Inf199/PathComplexity/scripts/cfgextractor/outputs/Bclosure30/1191139621_findStorageLocationReferences_0_basic.dot,1,1,Constant,1.,1.
31,/home/tunghn1/Inf199/PathComplexity/scripts/cfgextractor/outputs/Bclosure30/-1230318108_getPrototypePropertyNameFromRValue_0_basic.dot,9,12,Constant,12.,12.
32,/home/tunghn1/Inf199/PathComplexity/scripts/cfgextractor/outputs/Bclosure30/-1230318108_processGlobalFunctionDeclaration_0_basic.dot,6,8,Constant,8.,8.
33,/home/tunghn1/Inf199/PathComplexity/scripts/cfgextractor/outputs/Bclosure30/-1230318108_processNonFunctionPrototypeAssign_0_basic.dot,3,3,Constant,3.,3.
34,/home/tunghn1/Inf199/PathComplexity/scripts/cfgextractor/outputs/Bclosure30/-1231549558_hasNext_0_basic.dot,3,3,Constant,3.,3.
35,/home/tunghn1/Inf199/PathComplexity/scripts/cfgextractor/outputs/Bclosure30/1271919035_caseBooleanType_0_basic.dot,1,1,Constant,1.,1.
36,/home/tunghn1/Inf199/PathComplexity/scripts/cfgextractor/outputs/Bclosure30/1271919035_caseFunctionType_0_basic.dot,1,1,Constant,1.,1.
37,/home/tunghn1/Inf199/PathComplexity/scripts/cfgextractor/outputs/Bclosure30/1271919035_caseNoObjectType_0_basic.dot,1,1,Constant,1.,1.
38,/home/tunghn1/Inf199/PathComplexity/scripts/cfgextractor/outputs/Bclosure30/1271919035_caseNullType_0_basic.dot,1,1,Constant,1.,1.
39,/home/tunghn1/Inf199/PathComplexity/scripts/cfgextractor/outputs/Bclosure30/1271919035_caseNumberType_0_basic.dot,1,1,Constant,1.,1.
40,/home/tunghn1/Inf199/PathComplexity/scripts/cfgextractor/outputs/Bclosure30/1271919035_caseObjectType_0_basic.dot,1,1,Constant,1.,1.
41,/home/tunghn1/Inf199/PathComplexity/scripts/cfgextractor/outputs/Bclosure30/1271919035_caseStringType_0_basic.dot,1,1,Constant,1.,1.
42,/home/tunghn1/Inf199/PathComplexity/scripts/cfgextractor/outputs/Bclosure30/1271919035_caseTopType_0_basic.dot,1,1,Constant,1.,1.
43,/home/tunghn1/Inf199/PathComplexity/scripts/cfgextractor/outputs/Bclosure30/1271919035_caseVoidType_0_basic.dot,1,1,Constant,1.,1.
44,/home/tunghn1/Inf199/PathComplexity/scripts/cfgextractor/outputs/Bclosure30/1271919035_<init>_0_basic.dot,1,1,Constant,1.,1.
45,/home/tunghn1/Inf199/PathComplexity/scripts/cfgextractor/outputs/Bclosure30/1323015632_handleDefineObjectLiteral_0_basic.dot,1,1,Constant,1.,1.
46,/home/tunghn1/Inf199/PathComplexity/scripts/cfgextractor/outputs/Bclosure30/1323015632_handleRequiresAndParamList_0_basic.dot,6,10,Exponential,14.870000000000001*1.3800000000000001^n,0.54 + 2.72*1.26^n + 8.290000000000001*1.35^n + 14.870000000000001*1.3800000000000001^n
47,/home/tunghn1/Inf199/PathComplexity/scripts/cfgextractor/outputs/Bclosure30/1323015632_moveCallbackContentToTopLevel_0_basic.dot,2,2,Constant,2.,2.
48,/home/tunghn1/Inf199/PathComplexity/scripts/cfgextractor/outputs/Bclosure30/-1369368644_classDefiningCallsHaveSideEffects_0_basic.dot,1,1,Constant,1.,1.
49,/home/tunghn1/Inf199/PathComplexity/scripts/cfgextractor/outputs/Bclosure30/-1369368644_<init>_0_basic.dot,1,1,Constant,1.,1.
50,/home/tunghn1/Inf199/PathComplexity/scripts/cfgextractor/outputs/Bclosure30/-1369368644_keepSimplifiedHookExpression_0_basic.dot,7,19,Constant,19.,19.
51,/home/tunghn1/Inf199/PathComplexity/scripts/cfgextractor/outputs/Bclosure30/-1369368644_keepSimplifiedShortCircuitExpression_0_basic.dot,3,3,Constant,3.,3.
52,/home/tunghn1/Inf199/PathComplexity/scripts/cfgextractor/outputs/Bclosure30/-1369368644_keepSubTree_0_basic.dot,1,1,Constant,1.,1.
53,/home/tunghn1/Inf199/PathComplexity/scripts/cfgextractor/outputs/Bclosure30/-1369368644_simplifyShortCircuitBranch_0_basic.dot,4,6,Exponential,9.94*2.^(0.25*n),2. + 9.94*2.^(0.25*n)
54,/home/tunghn1/Inf199/PathComplexity/scripts/cfgextractor/outputs/Bclosure30/-138908579_jsdocContainsDeclarations_0_basic.dot,3,3,Constant,3.,3.
55,/home/tunghn1/Inf199/PathComplexity/scripts/cfgextractor/outputs/Bclosure30/-1498993528_getNeighborEdgesIterator_0_basic.dot,1,1,Constant,1.,1.
56,/home/tunghn1/Inf199/PathComplexity/scripts/cfgextractor/outputs/Bclosure30/1505485608_addAlias_0_basic.dot,1,1,Constant,1.,1.
57,/home/tunghn1/Inf199/PathComplexity/scripts/cfgextractor/outputs/Bclosure30/1505485608_<init>_0_basic.dot,1,1,Constant,1.,1.
58,/home/tunghn1/Inf199/PathComplexity/scripts/cfgextractor/outputs/Bclosure30/-1538720684_getPreciserScopeKnowingConditionOutcome_0_basic.dot,39,1243,Constant,1243.,1243.
59,/home/tunghn1/Inf199/PathComplexity/scripts/cfgextractor/outputs/Bclosure30/-1634509644_caseBooleanType_0_basic.dot,1,1,Constant,1.,1.
60,/home/tunghn1/Inf199/PathComplexity/scripts/cfgextractor/outputs/Bclosure30/-1634509644_caseFunctionType_0_basic.dot,1,1,Constant,1.,1.
61,/home/tunghn1/Inf199/PathComplexity/scripts/cfgextractor/outputs/Bclosure30/-1634509644_caseNoObjectType_0_basic.dot,1,1,Constant,1.,1.
62,/home/tunghn1/Inf199/PathComplexity/scripts/cfgextractor/outputs/Bclosure30/-1634509644_caseNullType_0_basic.dot,1,1,Constant,1.,1.
63,/home/tunghn1/Inf199/PathComplexity/scripts/cfgextractor/outputs/Bclosure30/-1634509644_caseNumberType_0_basic.dot,1,1,Constant,1.,1.
64,/home/tunghn1/Inf199/PathComplexity/scripts/cfgextractor/outputs/Bclosure30/-1634509644_caseObjectType_0_basic.dot,1,1,Constant,1.,1.
65,/home/tunghn1/Inf199/PathComplexity/scripts/cfgextractor/outputs/Bclosure30/-1634509644_caseStringType_0_basic.dot,1,1,Constant,1.,1.
66,/home/tunghn1/Inf199/PathComplexity/scripts/cfgextractor/outputs/Bclosure30/-1634509644_caseVoidType_0_basic.dot,1,1,Constant,1.,1.
67,/home/tunghn1/Inf199/PathComplexity/scripts/cfgextractor/outputs/Bclosure30/-1634509644_<init>_0_basic.dot,1,1,Constant,1.,1.
68,/home/tunghn1/Inf199/PathComplexity/scripts/cfgextractor/outputs/Bclosure30/-1651873940_getAnnotation_0_basic.dot,1,1,Constant,1.,1.
69,/home/tunghn1/Inf199/PathComplexity/scripts/cfgextractor/outputs/Bclosure30/-1651873940_setAnnotation_0_basic.dot,1,1,Constant,1.,1.
70,/home/tunghn1/Inf199/PathComplexity/scripts/cfgextractor/outputs/Bclosure30/-1652152537_getAnnotation_0_basic.dot,1,1,Constant,1.,1.
71,/home/tunghn1/Inf199/PathComplexity/scripts/cfgextractor/outputs/Bclosure30/-1652152537_setAnnotation_0_basic.dot,1,1,Constant,1.,1.
72,/home/tunghn1/Inf199/PathComplexity/scripts/cfgextractor/outputs/Bclosure30/-1718942148_hasNext_0_basic.dot,1,1,Constant,1.,1.
73,/home/tunghn1/Inf199/PathComplexity/scripts/cfgextractor/outputs/Bclosure30/-1718942148_<init>_0_basic.dot,1,1,Constant,1.,1.
74,/home/tunghn1/Inf199/PathComplexity/scripts/cfgextractor/outputs/Bclosure30/-1718942148_next_0_basic.dot,1,1,Constant,1.,1.
75,/home/tunghn1/Inf199/PathComplexity/scripts/cfgextractor/outputs/Bclosure30/-1718942148_remove_0_basic.dot,1,1,Constant,1.,1.
76,/home/tunghn1/Inf199/PathComplexity/scripts/cfgextractor/outputs/Bclosure30/-1753253695_calculateLocationSummary_0_basic.dot,1,1,Constant,1.,1.
77,/home/tunghn1/Inf199/PathComplexity/scripts/cfgextractor/outputs/Bclosure30/1928381057_maybeCollectMember_0_basic.dot,7,7,Constant,7.,7.
78,/home/tunghn1/Inf199/PathComplexity/scripts/cfgextractor/outputs/Bclosure30/-1956536687_extractDeclaration_0_basic.dot,2,2,Constant,2.,2.
79,/home/tunghn1/Inf199/PathComplexity/scripts/cfgextractor/outputs/Bclosure30/1975524368_firstReferenceIsAssigningDeclaration_0_basic.dot,3,3,Constant,3.,3.
80,/home/tunghn1/Inf199/PathComplexity/scripts/cfgextractor/outputs/Bclosure30/1975524368_getInitializingReferenceForConstants_0_basic.dot,4,4,Polynomial,0.75*n,4.6000000000000005 + 0.75*n
81,/home/tunghn1/Inf199/PathComplexity/scripts/cfgextractor/outputs/Bclosure30/1975524368_isInitializingAssignmentAt_0_basic.dot,6,7,Constant,7.,7.
82,/home/tunghn1/Inf199/PathComplexity/scripts/cfgextractor/outputs/Bclosure30/1975524368_isInitializingDeclarationAt_0_basic.dot,2,2,Constant,2.,2.
83,/home/tunghn1/Inf199/PathComplexity/scripts/cfgextractor/outputs/Bclosure30/2021718853_caseFunctionType_0_basic.dot,1,1,Constant,1.,1.
84,/home/tunghn1/Inf199/PathComplexity/scripts/cfgextractor/outputs/Bclosure30/2021718853_caseObjectType_0_basic.dot,1,1,Constant,1.,1.
85,/home/tunghn1/Inf199/PathComplexity/scripts/cfgextractor/outputs/Bclosure30/2021718853_caseUnionType_0_basic.dot,1,1,Constant,1.,1.
86,/home/tunghn1/Inf199/PathComplexity/scripts/cfgextractor/outputs/Bclosure30/2021718853_<init>_0_basic.dot,1,1,Constant,1.,1.
87,/home/tunghn1/Inf199/PathComplexity/scripts/cfgextractor/outputs/Bclosure30/-244466273_<init>_0_basic.dot,1,1,Constant,1.,1.
88,/home/tunghn1/Inf199/PathComplexity/scripts/cfgextractor/outputs/Bclosure30/-244466273_intersectsLocation_0_basic.dot,3,3,Constant,3.,3.
89,/home/tunghn1/Inf199/PathComplexity/scripts/cfgextractor/outputs/Bclosure30/-244466273_isEmpty_0_basic.dot,2,2,Constant,2.,2.
90,/home/tunghn1/Inf199/PathComplexity/scripts/cfgextractor/outputs/Bclosure30/-244466273_join_0_basic.dot,2,2,Constant,2.,2.
91,/home/tunghn1/Inf199/PathComplexity/scripts/cfgextractor/outputs/Bclosure30/3715865_getPreciserScopeKnowingConditionOutcome_0_basic.dot,9,9,Constant,9.,9.
92,/home/tunghn1/Inf199/PathComplexity/scripts/cfgextractor/outputs/Bclosure30/397447862_recordClassConstructorOrInterface_0_basic.dot,6,18,Polynomial,4.5*n,24. + 4.5*n
93,/home/tunghn1/Inf199/PathComplexity/scripts/cfgextractor/outputs/Bclosure30/-423124020_emitOptionalModuleExportsOverride_0_basic.dot,1,1,Constant,1.,1.
94,/home/tunghn1/Inf199/PathComplexity/scripts/cfgextractor/outputs/Bclosure30/-423124020_getCurrentScriptNode_0_basic.dot,2,2,Polynomial,0.5*n,1. + 0.5*n
95,/home/tunghn1/Inf199/PathComplexity/scripts/cfgextractor/outputs/Bclosure30/492061862_canFixupSpecializedFunctionContainingNode_0_basic.dot,2,2,Constant,2.,2.
96,/home/tunghn1/Inf199/PathComplexity/scripts/cfgextractor/outputs/Bclosure30/492061862_reportSpecializedFunctionContainingNode_0_basic.dot,2,2,Constant,2.,2.
97,/home/tunghn1/Inf199/PathComplexity/scripts/cfgextractor/outputs/Bclosure30/-641148344_checkForCallingConventionDefiningCalls_0_basic.dot,1,1,Constant,1.,1.
98,/home/tunghn1/Inf199/PathComplexity/scripts/cfgextractor/outputs/Bclosure30/668439767_classDefiningCallsHaveSideEffects_0_basic.dot,1,1,Constant,1.,1.
99,/home/tunghn1/Inf199/PathComplexity/scripts/cfgextractor/outputs/Bclosure30/668439767_keepSimplifiedShortCircuitExpression_0_basic.dot,1,1,Constant,1.,1.
100,/home/tunghn1/Inf199/PathComplexity/scripts/cfgextractor/outputs/Bclosure30/701768812_shouldTraverse_0_basic.dot,4,4,Constant,4.,4.
101,/home/tunghn1/Inf199/PathComplexity/scripts/cfgextractor/outputs/Bclosure30/701768812_visitCallNode_0_basic.dot,2,2,Constant,2.,2.
102,/home/tunghn1/Inf199/PathComplexity/scripts/cfgextractor/outputs/Bclosure30/701768812_visitNewNode_0_basic.dot,8,12,Polynomial,2.5*n,19. + 2.5*n
103,/home/tunghn1/Inf199/PathComplexity/scripts/cfgextractor/outputs/Bclosure30/701768812_visitScriptNode_0_basic.dot,10,49,Exponential,73.54*1.47^n,0.02 + 0.02*0.9400000000000001^n + 0.04*0.96^n + 0.14*1.03^n + 0.23*1.07^n + 1.77*1.18^n + 38.77*1.4000000000000001^n + 73.54*1.47^n
104,/home/tunghn1/Inf199/PathComplexity/scripts/cfgextractor/outputs/Bclosure30/-847827277_checkForCallingConventionDefiningCalls_0_basic.dot,1,1,Constant,1.,1.
105,/home/tunghn1/Inf199/PathComplexity/scripts/cfgextractor/outputs/Bclosure30/-847827277_defineDelegateProxyPrototypeProperties_0_basic.dot,1,1,Constant,1.,1.
106,/home/tunghn1/Inf199/PathComplexity/scripts/cfgextractor/outputs/Bclosure30/91943458_caseAllType_0_basic.dot,1,1,Constant,1.,1.
107,/home/tunghn1/Inf199/PathComplexity/scripts/cfgextractor/outputs/Bclosure30/91943458_caseEnumElementType_0_basic.dot,1,1,Constant,1.,1.
108,/home/tunghn1/Inf199/PathComplexity/scripts/cfgextractor/outputs/Bclosure30/91943458_caseNoType_0_basic.dot,1,1,Constant,1.,1.
109,/home/tunghn1/Inf199/PathComplexity/scripts/cfgextractor/outputs/Bclosure30/91943458_caseUnionType_0_basic.dot,1,1,Constant,1.,1.
110,/home/tunghn1/Inf199/PathComplexity/scripts/cfgextractor/outputs/Bclosure30/91943458_caseUnknownType_0_basic.dot,1,1,Constant,1.,1.
111,/home/tunghn1/Inf199/PathComplexity/scripts/cfgextractor/outputs/Bclosure30/91943458_<init>_0_basic.dot,1,1,Constant,1.,1.
112,/home/tunghn1/Inf199/PathComplexity/scripts/cfgextractor/outputs/Bclosure30/com_google_debugging_sourcemap_Base64_<clinit>_0_basic.dot,3,4,Polynomial,1.*n,4. + 1.*n
113,/home/tunghn1/Inf199/PathComplexity/scripts/cfgextractor/outputs/Bclosure30/com_google_debugging_sourcemap_Base64_fromBase64_0_basic.dot,3,3,Constant,3.,3.
114,/home/tunghn1/Inf199/PathComplexity/scripts/cfgextractor/outputs/Bclosure30/com_google_debugging_sourcemap_Base64_<init>_0_basic.dot,1,1,Constant,1.,1.
115,/home/tunghn1/Inf199/PathComplexity/scripts/cfgextractor/outputs/Bclosure30/com_google_debugging_sourcemap_Base64_toBase64_0_basic.dot,4,4,Constant,4.,4.
116,/home/tunghn1/Inf199/PathComplexity/scripts/cfgextractor/outputs/Bclosure30/com_google_debugging_sourcemap_Base64VLQ_decode_0_basic.dot,3,4,Exponential,4.07*2.^(0.33*n),2. + 1.08*1.26^n + 4.07*2.^(0.33*n)
117,/home/tunghn1/Inf199/PathComplexity/scripts/cfgextractor/outputs/Bclosure30/com_google_debugging_sourcemap_Base64VLQ_encode_0_basic.dot,3,4,Exponential,3.9*1.32^n,2. + 0.21*0.87^n + 3.9*1.32^n
118,/home/tunghn1/Inf199/PathComplexity/scripts/cfgextractor/outputs/Bclosure30/com_google_debugging_sourcemap_Base64VLQ_fromVLQSigned_0_basic.dot,3,4,Constant,4.,4.
119,/home/tunghn1/Inf199/PathComplexity/scripts/cfgextractor/outputs/Bclosure30/com_google_debugging_sourcemap_Base64VLQ_<init>_0_basic.dot,1,1,Constant,1.,1.
120,/home/tunghn1/Inf199/PathComplexity/scripts/cfgextractor/outputs/Bclosure30/com_google_debugging_sourcemap_Base64VLQ_toVLQSigned_0_basic.dot,2,2,Constant,2.,2.
121,/home/tunghn1/Inf199/PathComplexity/scripts/cfgextractor/outputs/Bclosure30/com_google_debugging_sourcemap_FilePosition_getColumn_0_basic.dot,1,1,Constant,1.,1.
122,/home/tunghn1/Inf199/PathComplexity/scripts/cfgextractor/outputs/Bclosure30/com_google_debugging_sourcemap_FilePosition_getLine_0_basic.dot,1,1,Constant,1.,1.
123,/home/tunghn1/Inf199/PathComplexity/scripts/cfgextractor/outputs/Bclosure30/com_google_debugging_sourcemap_FilePosition_<init>_0_basic.dot,1,1,Constant,1.,1.
124,/home/tunghn1/Inf199/PathComplexity/scripts/cfgextractor/outputs/Bclosure30/com_google_debugging_sourcemap_proto_Mapping_access$000_0_basic.dot,1,1,Constant,1.,1.
125,/home/tunghn1/Inf199/PathComplexity/scripts/cfgextractor/outputs/Bclosure30/com_google_debugging_sourcemap_proto_Mapping_access$002_0_basic.dot,1,1,Constant,1.,1.
126,/home/tunghn1/Inf199/PathComplexity/scripts/cfgextractor/outputs/Bclosure30/com_google_debugging_sourcemap_proto_Mapping_access$100_0_basic.dot,1,1,Constant,1.,1.
127,/home/tunghn1/Inf199/PathComplexity/scripts/cfgextractor/outputs/Bclosure30/com_google_debugging_sourcemap_proto_Mapping_access$102_0_basic.dot,1,1,Constant,1.,1.
128,/home/tunghn1/Inf199/PathComplexity/scripts/cfgextractor/outputs/Bclosure30/com_google_debugging_sourcemap_proto_Mapping_access$1100_0_basic.dot,1,1,Constant,1.,1.
129,/home/tunghn1/Inf199/PathComplexity/scripts/cfgextractor/outputs/Bclosure30/com_google_debugging_sourcemap_proto_Mapping_access$1102_0_basic.dot,1,1,Constant,1.,1.
130,/home/tunghn1/Inf199/PathComplexity/scripts/cfgextractor/outputs/Bclosure30/com_google_debugging_sourcemap_proto_Mapping_access$1200_0_basic.dot,1,1,Constant,1.,1.
131,/home/tunghn1/Inf199/PathComplexity/scripts/cfgextractor/outputs/Bclosure30/com_google_debugging_sourcemap_proto_Mapping_access$1202_0_basic.dot,1,1,Constant,1.,1.
132,/home/tunghn1/Inf199/PathComplexity/scripts/cfgextractor/outputs/Bclosure30/com_google_debugging_sourcemap_proto_Mapping_access$2302_0_basic.dot,1,1,Constant,1.,1.
133,/home/tunghn1/Inf199/PathComplexity/scripts/cfgextractor/outputs/Bclosure30/com_google_debugging_sourcemap_proto_Mapping_<clinit>_0_basic.dot,1,1,Constant,1.,1.
134,/home/tunghn1/Inf199/PathComplexity/scripts/cfgextractor/outputs/Bclosure30/com_google_debugging_sourcemap_proto_Mapping_getDescriptor_0_basic.dot,1,1,Constant,1.,1.
135,/home/tunghn1/Inf199/PathComplexity/scripts/cfgextractor/outputs/Bclosure30/com_google_debugging_sourcemap_proto_Mapping_<init>_0_basic.dot,1,1,Constant,1.,1.
136,/home/tunghn1/Inf199/PathComplexity/scripts/cfgextractor/outputs/Bclosure30/com_google_debugging_sourcemap_proto_Mapping_registerAllExtensions_0_basic.dot,1,1,Constant,1.,1.
137,/home/tunghn1/Inf199/PathComplexity/scripts/cfgextractor/outputs/Bclosure30/com_google_debugging_sourcemap_proto_Mapping$1_assignDescriptors_0_basic.dot,1,1,Constant,1.,1.
138,/home/tunghn1/Inf199/PathComplexity/scripts/cfgextractor/outputs/Bclosure30/com_google_debugging_sourcemap_proto_Mapping$1_<init>_0_basic.dot,1,1,Constant,1.,1.
139,/home/tunghn1/Inf199/PathComplexity/scripts/cfgextractor/outputs/Bclosure30/com_google_debugging_sourcemap_proto_Mapping$LineMapping_access$1002_0_basic.dot,1,1,Constant,1.,1.
140,/home/tunghn1/Inf199/PathComplexity/scripts/cfgextractor/outputs/Bclosure30/com_google_debugging_sourcemap_proto_Mapping$LineMapping_access$500_0_basic.dot,1,1,Constant,1.,1.
141,/home/tunghn1/Inf199/PathComplexity/scripts/cfgextractor/outputs/Bclosure30/com_google_debugging_sourcemap_proto_Mapping$LineMapping_access$702_0_basic.dot,1,1,Constant,1.,1.
142,/home/tunghn1/Inf199/PathComplexity/scripts/cfgextractor/outputs/Bclosure30/com_google_debugging_sourcemap_proto_Mapping$LineMapping_access$802_0_basic.dot,1,1,Constant,1.,1.
143,/home/tunghn1/Inf199/PathComplexity/scripts/cfgextractor/outputs/Bclosure30/com_google_debugging_sourcemap_proto_Mapping$LineMapping_access$902_0_basic.dot,1,1,Constant,1.,1.
144,/home/tunghn1/Inf199/PathComplexity/scripts/cfgextractor/outputs/Bclosure30/com_google_debugging_sourcemap_proto_Mapping$LineMapping_<clinit>_0_basic.dot,1,1,Constant,1.,1.
145,/home/tunghn1/Inf199/PathComplexity/scripts/cfgextractor/outputs/Bclosure30/com_google_debugging_sourcemap_proto_Mapping$LineMapping_getColumnPosition_0_basic.dot,1,1,Constant,1.,1.
146,/home/tunghn1/Inf199/PathComplexity/scripts/cfgextractor/outputs/Bclosure30/com_google_debugging_sourcemap_proto_Mapping$LineMapping_getDefaultInstance_0_basic.dot,1,1,Constant,1.,1.
147,/home/tunghn1/Inf199/PathComplexity/scripts/cfgextractor/outputs/Bclosure30/com_google_debugging_sourcemap_proto_Mapping$LineMapping_getDefaultInstanceForType_0_basic.dot,1,1,Constant,1.,1.
148,/home/tunghn1/Inf199/PathComplexity/scripts/cfgextractor/outputs/Bclosure30/com_google_debugging_sourcemap_proto_Mapping$LineMapping_getDescriptor_0_basic.dot,1,1,Constant,1.,1.
149,/home/tunghn1/Inf199/PathComplexity/scripts/cfgextractor/outputs/Bclosure30/com_google_debugging_sourcemap_proto_Mapping$LineMapping_getLineNumber_0_basic.dot,1,1,Constant,1.,1.
150,/home/tunghn1/Inf199/PathComplexity/scripts/cfgextractor/outputs/Bclosure30/com_google_debugging_sourcemap_proto_Mapping$LineMapping_getOriginalMapping_0_basic.dot,1,1,Constant,1.,1.
151,/home/tunghn1/Inf199/PathComplexity/scripts/cfgextractor/outputs/Bclosure30/com_google_debugging_sourcemap_proto_Mapping$LineMapping_getOriginalMappingOrBuilder_0_basic.dot,1,1,Constant,1.,1.
152,/home/tunghn1/Inf199/PathComplexity/scripts/cfgextractor/outputs/Bclosure30/com_google_debugging_sourcemap_proto_Mapping$LineMapping_getSerializedSize_0_basic.dot,5,9,Constant,9.,9.
153,/home/tunghn1/Inf199/PathComplexity/scripts/cfgextractor/outputs/Bclosure30/com_google_debugging_sourcemap_proto_Mapping$LineMapping_hasColumnPosition_0_basic.dot,2,2,Constant,2.,2.
154,/home/tunghn1/Inf199/PathComplexity/scripts/cfgextractor/outputs/Bclosure30/com_google_debugging_sourcemap_proto_Mapping$LineMapping_hasLineNumber_0_basic.dot,2,2,Constant,2.,2.
155,/home/tunghn1/Inf199/PathComplexity/scripts/cfgextractor/outputs/Bclosure30/com_google_debugging_sourcemap_proto_Mapping$LineMapping_hasOriginalMapping_0_basic.dot,2,2,Constant,2.,2.
156,/home/tunghn1/Inf199/PathComplexity/scripts/cfgextractor/outputs/Bclosure30/com_google_debugging_sourcemap_proto_Mapping$LineMapping_<init>_0_basic.dot,1,1,Constant,1.,1.
157,/home/tunghn1/Inf199/PathComplexity/scripts/cfgextractor/outputs/Bclosure30/com_google_debugging_sourcemap_proto_Mapping$LineMapping_initFields_0_basic.dot,1,1,Constant,1.,1.
158,/home/tunghn1/Inf199/PathComplexity/scripts/cfgextractor/outputs/Bclosure30/com_google_debugging_sourcemap_proto_Mapping$LineMapping_internalGetFieldAccessorTable_0_basic.dot,1,1,Constant,1.,1.
159,/home/tunghn1/Inf199/PathComplexity/scripts/cfgextractor/outputs/Bclosure30/com_google_debugging_sourcemap_proto_Mapping$LineMapping_isInitialized_0_basic.dot,3,3,Constant,3.,3.
160,/home/tunghn1/Inf199/PathComplexity/scripts/cfgextractor/outputs/Bclosure30/com_google_debugging_sourcemap_proto_Mapping$LineMapping_newBuilder_0_basic.dot,1,1,Constant,1.,1.
161,/home/tunghn1/Inf199/PathComplexity/scripts/cfgextractor/outputs/Bclosure30/com_google_debugging_sourcemap_proto_Mapping$LineMapping_newBuilderForType_0_basic.dot,1,1,Constant,1.,1.
162,/home/tunghn1/Inf199/PathComplexity/scripts/cfgextractor/outputs/Bclosure30/com_google_debugging_sourcemap_proto_Mapping$LineMapping_parseDelimitedFrom_0_basic.dot,2,2,Constant,2.,2.
163,/home/tunghn1/Inf199/PathComplexity/scripts/cfgextractor/outputs/Bclosure30/com_google_debugging_sourcemap_proto_Mapping$LineMapping_parseFrom_0_basic.dot,1,1,Constant,1.,1.
164,/home/tunghn1/Inf199/PathComplexity/scripts/cfgextractor/outputs/Bclosure30/com_google_debugging_sourcemap_proto_Mapping$LineMapping_toBuilder_0_basic.dot,1,1,Constant,1.,1.
165,/home/tunghn1/Inf199/PathComplexity/scripts/cfgextractor/outputs/Bclosure30/com_google_debugging_sourcemap_proto_Mapping$LineMapping_writeReplace_0_basic.dot,1,1,Constant,1.,1.
166,/home/tunghn1/Inf199/PathComplexity/scripts/cfgextractor/outputs/Bclosure30/com_google_debugging_sourcemap_proto_Mapping$LineMapping_writeTo_0_basic.dot,4,8,Constant,8.,8.
167,/home/tunghn1/Inf199/PathComplexity/scripts/cfgextractor/outputs/Bclosure30/com_google_debugging_sourcemap_proto_Mapping$LineMapping$Builder_access$200_0_basic.dot,1,1,Constant,1.,1.
168,/home/tunghn1/Inf199/PathComplexity/scripts/cfgextractor/outputs/Bclosure30/com_google_debugging_sourcemap_proto_Mapping$LineMapping$Builder_access$300_0_basic.dot,1,1,Constant,1.,1.
169,/home/tunghn1/Inf199/PathComplexity/scripts/cfgextractor/outputs/Bclosure30/com_google_debugging_sourcemap_proto_Mapping$LineMapping$Builder_build_0_basic.dot,1,1,Constant,1.,1.
170,/home/tunghn1/Inf199/PathComplexity/scripts/cfgextractor/outputs/Bclosure30/com_google_debugging_sourcemap_proto_Mapping$LineMapping$Builder_buildParsed_0_basic.dot,2,2,Constant,2.,2.
171,/home/tunghn1/Inf199/PathComplexity/scripts/cfgextractor/outputs/Bclosure30/com_google_debugging_sourcemap_proto_Mapping$LineMapping$Builder_buildPartial_0_basic.dot,1,1,Constant,1.,1.
172,/home/tunghn1/Inf199/PathComplexity/scripts/cfgextractor/outputs/Bclosure30/com_google_debugging_sourcemap_proto_Mapping$LineMapping$Builder_clear_0_basic.dot,1,1,Constant,1.,1.
173,/home/tunghn1/Inf199/PathComplexity/scripts/cfgextractor/outputs/Bclosure30/com_google_debugging_sourcemap_proto_Mapping$LineMapping$Builder_clearColumnPosition_0_basic.dot,1,1,Constant,1.,1.
174,/home/tunghn1/Inf199/PathComplexity/scripts/cfgextractor/outputs/Bclosure30/com_google_debugging_sourcemap_proto_Mapping$LineMapping$Builder_clearLineNumber_0_basic.dot,1,1,Constant,1.,1.
175,/home/tunghn1/Inf199/PathComplexity/scripts/cfgextractor/outputs/Bclosure30/com_google_debugging_sourcemap_proto_Mapping$LineMapping$Builder_clearOriginalMapping_0_basic.dot,2,2,Constant,2.,2.
176,/home/tunghn1/Inf199/PathComplexity/scripts/cfgextractor/outputs/Bclosure30/com_google_debugging_sourcemap_proto_Mapping$LineMapping$Builder_clone_0_basic.dot,1,1,Constant,1.,1.
177,/home/tunghn1/Inf199/PathComplexity/scripts/cfgextractor/outputs/Bclosure30/com_google_debugging_sourcemap_proto_Mapping$LineMapping$Builder_create_0_basic.dot,1,1,Constant,1.,1.
178,/home/tunghn1/Inf199/PathComplexity/scripts/cfgextractor/outputs/Bclosure30/com_google_debugging_sourcemap_proto_Mapping$LineMapping$Builder_getColumnPosition_0_basic.dot,1,1,Constant,1.,1.
179,/home/tunghn1/Inf199/PathComplexity/scripts/cfgextractor/outputs/Bclosure30/com_google_debugging_sourcemap_proto_Mapping$LineMapping$Builder_getDefaultInstanceForType_0_basic.dot,1,1,Constant,1.,1.
180,/home/tunghn1/Inf199/PathComplexity/scripts/cfgextractor/outputs/Bclosure30/com_google_debugging_sourcemap_proto_Mapping$LineMapping$Builder_getDescriptor_0_basic.dot,1,1,Constant,1.,1.
181,/home/tunghn1/Inf199/PathComplexity/scripts/cfgextractor/outputs/Bclosure30/com_google_debugging_sourcemap_proto_Mapping$LineMapping$Builder_getDescriptorForType_0_basic.dot,1,1,Constant,1.,1.
182,/home/tunghn1/Inf199/PathComplexity/scripts/cfgextractor/outputs/Bclosure30/com_google_debugging_sourcemap_proto_Mapping$LineMapping$Builder_getLineNumber_0_basic.dot,1,1,Constant,1.,1.
183,/home/tunghn1/Inf199/PathComplexity/scripts/cfgextractor/outputs/Bclosure30/com_google_debugging_sourcemap_proto_Mapping$LineMapping$Builder_getOriginalMapping_0_basic.dot,2,2,Constant,2.,2.
184,/home/tunghn1/Inf199/PathComplexity/scripts/cfgextractor/outputs/Bclosure30/com_google_debugging_sourcemap_proto_Mapping$LineMapping$Builder_getOriginalMappingBuilder_0_basic.dot,1,1,Constant,1.,1.
185,/home/tunghn1/Inf199/PathComplexity/scripts/cfgextractor/outputs/Bclosure30/com_google_debugging_sourcemap_proto_Mapping$LineMapping$Builder_getOriginalMappingFieldBuilder_0_basic.dot,2,2,Constant,2.,2.
186,/home/tunghn1/Inf199/PathComplexity/scripts/cfgextractor/outputs/Bclosure30/com_google_debugging_sourcemap_proto_Mapping$LineMapping$Builder_getOriginalMappingOrBuilder_0_basic.dot,2,2,Constant,2.,2.
187,/home/tunghn1/Inf199/PathComplexity/scripts/cfgextractor/outputs/Bclosure30/com_google_debugging_sourcemap_proto_Mapping$LineMapping$Builder_hasColumnPosition_0_basic.dot,2,2,Constant,2.,2.
188,/home/tunghn1/Inf199/PathComplexity/scripts/cfgextractor/outputs/Bclosure30/com_google_debugging_sourcemap_proto_Mapping$LineMapping$Builder_hasLineNumber_0_basic.dot,2,2,Constant,2.,2.
189,/home/tunghn1/Inf199/PathComplexity/scripts/cfgextractor/outputs/Bclosure30/com_google_debugging_sourcemap_proto_Mapping$LineMapping$Builder_hasOriginalMapping_0_basic.dot,2,2,Constant,2.,2.
190,/home/tunghn1/Inf199/PathComplexity/scripts/cfgextractor/outputs/Bclosure30/com_google_debugging_sourcemap_proto_Mapping$LineMapping$Builder_<init>_0_basic.dot,1,1,Constant,1.,1.
191,/home/tunghn1/Inf199/PathComplexity/scripts/cfgextractor/outputs/Bclosure30/com_google_debugging_sourcemap_proto_Mapping$LineMapping$Builder_internalGetFieldAccessorTable_0_basic.dot,1,1,Constant,1.,1.
192,/home/tunghn1/Inf199/PathComplexity/scripts/cfgextractor/outputs/Bclosure30/com_google_debugging_sourcemap_proto_Mapping$LineMapping$Builder_isInitialized_0_basic.dot,1,1,Constant,1.,1.
193,/home/tunghn1/Inf199/PathComplexity/scripts/cfgextractor/outputs/Bclosure30/com_google_debugging_sourcemap_proto_Mapping$LineMapping$Builder_maybeForceBuilderInitialization_0_basic.dot,2,2,Constant,2.,2.
194,/home/tunghn1/Inf199/PathComplexity/scripts/cfgextractor/outputs/Bclosure30/com_google_debugging_sourcemap_proto_Mapping$LineMapping$Builder_mergeFrom_0_basic.dot,1,1,Constant,1.,1.
195,/home/tunghn1/Inf199/PathComplexity/scripts/cfgextractor/outputs/Bclosure30/com_google_debugging_sourcemap_proto_Mapping$LineMapping$Builder_mergeOriginalMapping_0_basic.dot,4,4,Constant,4.,4.
196,/home/tunghn1/Inf199/PathComplexity/scripts/cfgextractor/outputs/Bclosure30/com_google_debugging_sourcemap_proto_Mapping$LineMapping$Builder_setColumnPosition_0_basic.dot,1,1,Constant,1.,1.
197,/home/tunghn1/Inf199/PathComplexity/scripts/cfgextractor/outputs/Bclosure30/com_google_debugging_sourcemap_proto_Mapping$LineMapping$Builder_setLineNumber_0_basic.dot,1,1,Constant,1.,1.
198,/home/tunghn1/Inf199/PathComplexity/scripts/cfgextractor/outputs/Bclosure30/com_google_debugging_sourcemap_proto_Mapping$LineMapping$Builder_setOriginalMapping_0_basic.dot,2,2,Constant,2.,2.
199,/home/tunghn1/Inf199/PathComplexity/scripts/cfgextractor/outputs/Bclosure30/com_google_debugging_sourcemap_proto_Mapping$OriginalMapping_access$1600_0_basic.dot,1,1,Constant,1.,1.
200,/home/tunghn1/Inf199/PathComplexity/scripts/cfgextractor/outputs/Bclosure30/com_google_debugging_sourcemap_proto_Mapping$OriginalMapping_access$1802_0_basic.dot,1,1,Constant,1.,1.
201,/home/tunghn1/Inf199/PathComplexity/scripts/cfgextractor/outputs/Bclosure30/com_google_debugging_sourcemap_proto_Mapping$OriginalMapping_access$1902_0_basic.dot,1,1,Constant,1.,1.
202,/home/tunghn1/Inf199/PathComplexity/scripts/cfgextractor/outputs/Bclosure30/com_google_debugging_sourcemap_proto_Mapping$OriginalMapping_access$2002_0_basic.dot,1,1,Constant,1.,1.
203,/home/tunghn1/Inf199/PathComplexity/scripts/cfgextractor/outputs/Bclosure30/com_google_debugging_sourcemap_proto_Mapping$OriginalMapping_access$2102_0_basic.dot,1,1,Constant,1.,1.
204,/home/tunghn1/Inf199/PathComplexity/scripts/cfgextractor/outputs/Bclosure30/com_google_debugging_sourcemap_proto_Mapping$OriginalMapping_access$2202_0_basic.dot,1,1,Constant,1.,1.
205,/home/tunghn1/Inf199/PathComplexity/scripts/cfgextractor/outputs/Bclosure30/com_google_debugging_sourcemap_proto_Mapping$OriginalMapping_<clinit>_0_basic.dot,1,1,Constant,1.,1.
206,/home/tunghn1/Inf199/PathComplexity/scripts/cfgextractor/outputs/Bclosure30/com_google_debugging_sourcemap_proto_Mapping$OriginalMapping_getColumnPosition_0_basic.dot,1,1,Constant,1.,1.
207,/home/tunghn1/Inf199/PathComplexity/scripts/cfgextractor/outputs/Bclosure30/com_google_debugging_sourcemap_proto_Mapping$OriginalMapping_getDefaultInstance_0_basic.dot,1,1,Constant,1.,1.
208,/home/tunghn1/Inf199/PathComplexity/scripts/cfgextractor/outputs/Bclosure30/com_google_debugging_sourcemap_proto_Mapping$OriginalMapping_getDefaultInstanceForType_0_basic.dot,1,1,Constant,1.,1.
209,/home/tunghn1/Inf199/PathComplexity/scripts/cfgextractor/outputs/Bclosure30/com_google_debugging_sourcemap_proto_Mapping$OriginalMapping_getDescriptor_0_basic.dot,1,1,Constant,1.,1.
210,/home/tunghn1/Inf199/PathComplexity/scripts/cfgextractor/outputs/Bclosure30/com_google_debugging_sourcemap_proto_Mapping$OriginalMapping_getIdentifier_0_basic.dot,3,3,Constant,3.,3.
211,/home/tunghn1/Inf199/PathComplexity/scripts/cfgextractor/outputs/Bclosure30/com_google_debugging_sourcemap_proto_Mapping$OriginalMapping_getIdentifierBytes_0_basic.dot,2,2,Constant,2.,2.
212,/home/tunghn1/Inf199/PathComplexity/scripts/cfgextractor/outputs/Bclosure30/com_google_debugging_sourcemap_proto_Mapping$OriginalMapping_getLineNumber_0_basic.dot,1,1,Constant,1.,1.
213,/home/tunghn1/Inf199/PathComplexity/scripts/cfgextractor/outputs/Bclosure30/com_google_debugging_sourcemap_proto_Mapping$OriginalMapping_getOriginalFile_0_basic.dot,3,3,Constant,3.,3.
214,/home/tunghn1/Inf199/PathComplexity/scripts/cfgextractor/outputs/Bclosure30/com_google_debugging_sourcemap_proto_Mapping$OriginalMapping_getOriginalFileBytes_0_basic.dot,2,2,Constant,2.,2.
215,/home/tunghn1/Inf199/PathComplexity/scripts/cfgextractor/outputs/Bclosure30/com_google_debugging_sourcemap_proto_Mapping$OriginalMapping_getSerializedSize_0_basic.dot,6,17,Constant,17.,17.
216,/home/tunghn1/Inf199/PathComplexity/scripts/cfgextractor/outputs/Bclosure30/com_google_debugging_sourcemap_proto_Mapping$OriginalMapping_hasColumnPosition_0_basic.dot,2,2,Constant,2.,2.
217,/home/tunghn1/Inf199/PathComplexity/scripts/cfgextractor/outputs/Bclosure30/com_google_debugging_sourcemap_proto_Mapping$OriginalMapping_hasIdentifier_0_basic.dot,2,2,Constant,2.,2.
218,/home/tunghn1/Inf199/PathComplexity/scripts/cfgextractor/outputs/Bclosure30/com_google_debugging_sourcemap_proto_Mapping$OriginalMapping_hasLineNumber_0_basic.dot,2,2,Constant,2.,2.
219,/home/tunghn1/Inf199/PathComplexity/scripts/cfgextractor/outputs/Bclosure30/com_google_debugging_sourcemap_proto_Mapping$OriginalMapping_hasOriginalFile_0_basic.dot,2,2,Constant,2.,2.
220,/home/tunghn1/Inf199/PathComplexity/scripts/cfgextractor/outputs/Bclosure30/com_google_debugging_sourcemap_proto_Mapping$OriginalMapping_<init>_0_basic.dot,1,1,Constant,1.,1.
221,/home/tunghn1/Inf199/PathComplexity/scripts/cfgextractor/outputs/Bclosure30/com_google_debugging_sourcemap_proto_Mapping$OriginalMapping_initFields_0_basic.dot,1,1,Constant,1.,1.
222,/home/tunghn1/Inf199/PathComplexity/scripts/cfgextractor/outputs/Bclosure30/com_google_debugging_sourcemap_proto_Mapping$OriginalMapping_internalGetFieldAccessorTable_0_basic.dot,1,1,Constant,1.,1.
223,/home/tunghn1/Inf199/PathComplexity/scripts/cfgextractor/outputs/Bclosure30/com_google_debugging_sourcemap_proto_Mapping$OriginalMapping_isInitialized_0_basic.dot,3,3,Constant,3.,3.
224,/home/tunghn1/Inf199/PathComplexity/scripts/cfgextractor/outputs/Bclosure30/com_google_debugging_sourcemap_proto_Mapping$OriginalMapping_newBuilder_0_basic.dot,1,1,Constant,1.,1.
225,/home/tunghn1/Inf199/PathComplexity/scripts/cfgextractor/outputs/Bclosure30/com_google_debugging_sourcemap_proto_Mapping$OriginalMapping_newBuilderForType_0_basic.dot,1,1,Constant,1.,1.
226,/home/tunghn1/Inf199/PathComplexity/scripts/cfgextractor/outputs/Bclosure30/com_google_debugging_sourcemap_proto_Mapping$OriginalMapping_parseDelimitedFrom_0_basic.dot,2,2,Constant,2.,2.
227,/home/tunghn1/Inf199/PathComplexity/scripts/cfgextractor/outputs/Bclosure30/com_google_debugging_sourcemap_proto_Mapping$OriginalMapping_parseFrom_0_basic.dot,1,1,Constant,1.,1.
228,/home/tunghn1/Inf199/PathComplexity/scripts/cfgextractor/outputs/Bclosure30/com_google_debugging_sourcemap_proto_Mapping$OriginalMapping_toBuilder_0_basic.dot,1,1,Constant,1.,1.
229,/home/tunghn1/Inf199/PathComplexity/scripts/cfgextractor/outputs/Bclosure30/com_google_debugging_sourcemap_proto_Mapping$OriginalMapping_writeReplace_0_basic.dot,1,1,Constant,1.,1.
230,/home/tunghn1/Inf199/PathComplexity/scripts/cfgextractor/outputs/Bclosure30/com_google_debugging_sourcemap_proto_Mapping$OriginalMapping_writeTo_0_basic.dot,5,16,Constant,16.,16.
231,/home/tunghn1/Inf199/PathComplexity/scripts/cfgextractor/outputs/Bclosure30/com_google_debugging_sourcemap_proto_Mapping$OriginalMapping$Builder_access$1300_0_basic.dot,1,1,Constant,1.,1.
232,/home/tunghn1/Inf199/PathComplexity/scripts/cfgextractor/outputs/Bclosure30/com_google_debugging_sourcemap_proto_Mapping$OriginalMapping$Builder_access$1400_0_basic.dot,1,1,Constant,1.,1.
233,/home/tunghn1/Inf199/PathComplexity/scripts/cfgextractor/outputs/Bclosure30/com_google_debugging_sourcemap_proto_Mapping$OriginalMapping$Builder_build_0_basic.dot,1,1,Constant,1.,1.
234,/home/tunghn1/Inf199/PathComplexity/scripts/cfgextractor/outputs/Bclosure30/com_google_debugging_sourcemap_proto_Mapping$OriginalMapping$Builder_buildParsed_0_basic.dot,2,2,Constant,2.,2.
235,/home/tunghn1/Inf199/PathComplexity/scripts/cfgextractor/outputs/Bclosure30/com_google_debugging_sourcemap_proto_Mapping$OriginalMapping$Builder_buildPartial_0_basic.dot,1,1,Constant,1.,1.
236,/home/tunghn1/Inf199/PathComplexity/scripts/cfgextractor/outputs/Bclosure30/com_google_debugging_sourcemap_proto_Mapping$OriginalMapping$Builder_clear_0_basic.dot,1,1,Constant,1.,1.
237,/home/tunghn1/Inf199/PathComplexity/scripts/cfgextractor/outputs/Bclosure30/com_google_debugging_sourcemap_proto_Mapping$OriginalMapping$Builder_clearColumnPosition_0_basic.dot,1,1,Constant,1.,1.
238,/home/tunghn1/Inf199/PathComplexity/scripts/cfgextractor/outputs/Bclosure30/com_google_debugging_sourcemap_proto_Mapping$OriginalMapping$Builder_clearIdentifier_0_basic.dot,1,1,Constant,1.,1.
239,/home/tunghn1/Inf199/PathComplexity/scripts/cfgextractor/outputs/Bclosure30/com_google_debugging_sourcemap_proto_Mapping$OriginalMapping$Builder_clearLineNumber_0_basic.dot,1,1,Constant,1.,1.
240,/home/tunghn1/Inf199/PathComplexity/scripts/cfgextractor/outputs/Bclosure30/com_google_debugging_sourcemap_proto_Mapping$OriginalMapping$Builder_clearOriginalFile_0_basic.dot,1,1,Constant,1.,1.
241,/home/tunghn1/Inf199/PathComplexity/scripts/cfgextractor/outputs/Bclosure30/com_google_debugging_sourcemap_proto_Mapping$OriginalMapping$Builder_clone_0_basic.dot,1,1,Constant,1.,1.
242,/home/tunghn1/Inf199/PathComplexity/scripts/cfgextractor/outputs/Bclosure30/com_google_debugging_sourcemap_proto_Mapping$OriginalMapping$Builder_create_0_basic.dot,1,1,Constant,1.,1.
243,/home/tunghn1/Inf199/PathComplexity/scripts/cfgextractor/outputs/Bclosure30/com_google_debugging_sourcemap_proto_Mapping$OriginalMapping$Builder_getColumnPosition_0_basic.dot,1,1,Constant,1.,1.
244,/home/tunghn1/Inf199/PathComplexity/scripts/cfgextractor/outputs/Bclosure30/com_google_debugging_sourcemap_proto_Mapping$OriginalMapping$Builder_getDefaultInstanceForType_0_basic.dot,1,1,Constant,1.,1.
245,/home/tunghn1/Inf199/PathComplexity/scripts/cfgextractor/outputs/Bclosure30/com_google_debugging_sourcemap_proto_Mapping$OriginalMapping$Builder_getDescriptor_0_basic.dot,1,1,Constant,1.,1.
246,/home/tunghn1/Inf199/PathComplexity/scripts/cfgextractor/outputs/Bclosure30/com_google_debugging_sourcemap_proto_Mapping$OriginalMapping$Builder_getDescriptorForType_0_basic.dot,1,1,Constant,1.,1.
247,/home/tunghn1/Inf199/PathComplexity/scripts/cfgextractor/outputs/Bclosure30/com_google_debugging_sourcemap_proto_Mapping$OriginalMapping$Builder_getIdentifier_0_basic.dot,2,2,Constant,2.,2.
248,/home/tunghn1/Inf199/PathComplexity/scripts/cfgextractor/outputs/Bclosure30/com_google_debugging_sourcemap_proto_Mapping$OriginalMapping$Builder_getLineNumber_0_basic.dot,1,1,Constant,1.,1.
249,/home/tunghn1/Inf199/PathComplexity/scripts/cfgextractor/outputs/Bclosure30/com_google_debugging_sourcemap_proto_Mapping$OriginalMapping$Builder_getOriginalFile_0_basic.dot,2,2,Constant,2.,2.
250,/home/tunghn1/Inf199/PathComplexity/scripts/cfgextractor/outputs/Bclosure30/com_google_debugging_sourcemap_proto_Mapping$OriginalMapping$Builder_hasColumnPosition_0_basic.dot,2,2,Constant,2.,2.
251,/home/tunghn1/Inf199/PathComplexity/scripts/cfgextractor/outputs/Bclosure30/com_google_debugging_sourcemap_proto_Mapping$OriginalMapping$Builder_hasIdentifier_0_basic.dot,2,2,Constant,2.,2.
252,/home/tunghn1/Inf199/PathComplexity/scripts/cfgextractor/outputs/Bclosure30/com_google_debugging_sourcemap_proto_Mapping$OriginalMapping$Builder_hasLineNumber_0_basic.dot,2,2,Constant,2.,2.
253,/home/tunghn1/Inf199/PathComplexity/scripts/cfgextractor/outputs/Bclosure30/com_google_debugging_sourcemap_proto_Mapping$OriginalMapping$Builder_hasOriginalFile_0_basic.dot,2,2,Constant,2.,2.
254,/home/tunghn1/Inf199/PathComplexity/scripts/cfgextractor/outputs/Bclosure30/com_google_debugging_sourcemap_proto_Mapping$OriginalMapping$Builder_<init>_0_basic.dot,1,1,Constant,1.,1.
255,/home/tunghn1/Inf199/PathComplexity/scripts/cfgextractor/outputs/Bclosure30/com_google_debugging_sourcemap_proto_Mapping$OriginalMapping$Builder_internalGetFieldAccessorTable_0_basic.dot,1,1,Constant,1.,1.
256,/home/tunghn1/Inf199/PathComplexity/scripts/cfgextractor/outputs/Bclosure30/com_google_debugging_sourcemap_proto_Mapping$OriginalMapping$Builder_isInitialized_0_basic.dot,1,1,Constant,1.,1.
257,/home/tunghn1/Inf199/PathComplexity/scripts/cfgextractor/outputs/Bclosure30/com_google_debugging_sourcemap_proto_Mapping$OriginalMapping$Builder_maybeForceBuilderInitialization_0_basic.dot,1,1,Constant,1.,1.
258,/home/tunghn1/Inf199/PathComplexity/scripts/cfgextractor/outputs/Bclosure30/com_google_debugging_sourcemap_proto_Mapping$OriginalMapping$Builder_mergeFrom_0_basic.dot,1,1,Constant,1.,1.
259,/home/tunghn1/Inf199/PathComplexity/scripts/cfgextractor/outputs/Bclosure30/com_google_debugging_sourcemap_proto_Mapping$OriginalMapping$Builder_setColumnPosition_0_basic.dot,1,1,Constant,1.,1.
260,/home/tunghn1/Inf199/PathComplexity/scripts/cfgextractor/outputs/Bclosure30/com_google_debugging_sourcemap_proto_Mapping$OriginalMapping$Builder_setIdentifier_0_basic.dot,1,1,Constant,1.,1.
261,/home/tunghn1/Inf199/PathComplexity/scripts/cfgextractor/outputs/Bclosure30/com_google_debugging_sourcemap_proto_Mapping$OriginalMapping$Builder_setLineNumber_0_basic.dot,1,1,Constant,1.,1.
262,/home/tunghn1/Inf199/PathComplexity/scripts/cfgextractor/outputs/Bclosure30/com_google_debugging_sourcemap_proto_Mapping$OriginalMapping$Builder_setOriginalFile_0_basic.dot,1,1,Constant,1.,1.
263,/home/tunghn1/Inf199/PathComplexity/scripts/cfgextractor/outputs/Bclosure30/com_google_debugging_sourcemap_SourceMapConsumerFactory_<init>_0_basic.dot,1,1,Constant,1.,1.
264,/home/tunghn1/Inf199/PathComplexity/scripts/cfgextractor/outputs/Bclosure30/com_google_debugging_sourcemap_SourceMapConsumerFactory_parse_0_basic.dot,6,6,Constant,6.,6.
265,/home/tunghn1/Inf199/PathComplexity/scripts/cfgextractor/outputs/Bclosure30/com_google_debugging_sourcemap_SourceMapConsumerV1_binarySearch_0_basic.dot,4,4,Exponential,6.86*1.17^n,2. + 0.13*0.84^n + 0.22*1.1^n + 6.86*1.17^n
266,/home/tunghn1/Inf199/PathComplexity/scripts/cfgextractor/outputs/Bclosure30/com_google_debugging_sourcemap_SourceMapConsumerV1_getMappingForLine_0_basic.dot,9,11,Polynomial,1.33*n,15.1 + 1.33*n
267,/home/tunghn1/Inf199/PathComplexity/scripts/cfgextractor/outputs/Bclosure30/com_google_debugging_sourcemap_SourceMapConsumerV1_getMappingFromId_0_basic.dot,2,2,Constant,2.,2.
268,/home/tunghn1/Inf199/PathComplexity/scripts/cfgextractor/outputs/Bclosure30/com_google_debugging_sourcemap_SourceMapConsumerV1_<init>_0_basic.dot,1,1,Constant,1.,1.
269,/home/tunghn1/Inf199/PathComplexity/scripts/cfgextractor/outputs/Bclosure30/com_google_debugging_sourcemap_SourceMapConsumerV1_parse_0_basic.dot,2,2,Constant,2.,2.
270,/home/tunghn1/Inf199/PathComplexity/scripts/cfgextractor/outputs/Bclosure30/com_google_debugging_sourcemap_SourceMapConsumerV1_parseCharacterMap_0_basic.dot,10,28,Exponential,80.99*1.46^n,5.62 + 0.01*0.86^n + 2.37*0.96^n + 0.07*1.07^n + 3.2*1.17^n + 8.15*1.33^n + 80.99*1.46^n
271,/home/tunghn1/Inf199/PathComplexity/scripts/cfgextractor/outputs/Bclosure30/com_google_debugging_sourcemap_SourceMapConsumerV1_parseFileMappings_0_basic.dot,8,30,Exponential,25.810000000000002*1.42^n,0.15 + 0.01*0.88^n + 0.26*0.9500000000000001^n + 10.200000000000001*1.33^n + 25.810000000000002*1.42^n
272,/home/tunghn1/Inf199/PathComplexity/scripts/cfgextractor/outputs/Bclosure30/com_google_debugging_sourcemap_SourceMapConsumerV1_parseInternal_0_basic.dot,4,8,Polynomial,2.*n,7. + 2.*n
273,/home/tunghn1/Inf199/PathComplexity/scripts/cfgextractor/outputs/Bclosure30/com_google_debugging_sourcemap_SourceMapConsumerV1_splitFileName_0_basic.dot,1,1,Constant,1.,1.
274,/home/tunghn1/Inf199/PathComplexity/scripts/cfgextractor/outputs/Bclosure30/com_google_debugging_sourcemap_SourceMapConsumerV1$FileName_access$000_0_basic.dot,1,1,Constant,1.,1.
275,/home/tunghn1/Inf199/PathComplexity/scripts/cfgextractor/outputs/Bclosure30/com_google_debugging_sourcemap_SourceMapConsumerV1$FileName_access$100_0_basic.dot,1,1,Constant,1.,1.
276,/home/tunghn1/Inf199/PathComplexity/scripts/cfgextractor/outputs/Bclosure30/com_google_debugging_sourcemap_SourceMapConsumerV1$FileName_<init>_0_basic.dot,1,1,Constant,1.,1.
277,/home/tunghn1/Inf199/PathComplexity/scripts/cfgextractor/outputs/Bclosure30/com_google_debugging_sourcemap_SourceMapConsumerV1$LineFragment_<init>_0_basic.dot,1,1,Constant,1.,1.
278,/home/tunghn1/Inf199/PathComplexity/scripts/cfgextractor/outputs/Bclosure30/com_google_debugging_sourcemap_SourceMapConsumerV1$LineFragment_length_0_basic.dot,1,1,Constant,1.,1.
279,/home/tunghn1/Inf199/PathComplexity/scripts/cfgextractor/outputs/Bclosure30/com_google_debugging_sourcemap_SourceMapConsumerV1$LineFragment_valueAtColumn_0_basic.dot,3,4,Polynomial,1.*n,4. + 1.*n
280,/home/tunghn1/Inf199/PathComplexity/scripts/cfgextractor/outputs/Bclosure30/com_google_debugging_sourcemap_SourceMapConsumerV1$ParseState_expectLine_0_basic.dot,2,2,Constant,2.,2.
281,/home/tunghn1/Inf199/PathComplexity/scripts/cfgextractor/outputs/Bclosure30/com_google_debugging_sourcemap_SourceMapConsumerV1$ParseState_fail_0_basic.dot,1,1,Constant,1.,1.
282,/home/tunghn1/Inf199/PathComplexity/scripts/cfgextractor/outputs/Bclosure30/com_google_debugging_sourcemap_SourceMapConsumerV1$ParseState_<init>_0_basic.dot,1,1,Constant,1.,1.
283,/home/tunghn1/Inf199/PathComplexity/scripts/cfgextractor/outputs/Bclosure30/com_google_debugging_sourcemap_SourceMapConsumerV1$ParseState_readLine_0_basic.dot,2,2,Constant,2.,2.
284,/home/tunghn1/Inf199/PathComplexity/scripts/cfgextractor/outputs/Bclosure30/com_google_debugging_sourcemap_SourceMapConsumerV1$ParseState_readLineOrNull_0_basic.dot,3,3,Constant,3.,3.
285,/home/tunghn1/Inf199/PathComplexity/scripts/cfgextractor/outputs/Bclosure30/com_google_debugging_sourcemap_SourceMapConsumerV1$SourceFile_getLength_0_basic.dot,1,1,Constant,1.,1.
286,/home/tunghn1/Inf199/PathComplexity/scripts/cfgextractor/outputs/Bclosure30/com_google_debugging_sourcemap_SourceMapConsumerV1$SourceFile_getOriginalMapping_0_basic.dot,2,2,Polynomial,0.5*n,1. + 0.5*n
287,/home/tunghn1/Inf199/PathComplexity/scripts/cfgextractor/outputs/Bclosure30/com_google_debugging_sourcemap_SourceMapConsumerV1$SourceFile_getStartMapId_0_basic.dot,1,1,Constant,1.,1.
288,/home/tunghn1/Inf199/PathComplexity/scripts/cfgextractor/outputs/Bclosure30/com_google_debugging_sourcemap_SourceMapConsumerV1$SourceFile_<init>_0_basic.dot,1,1,Constant,1.,1.
289,/home/tunghn1/Inf199/PathComplexity/scripts/cfgextractor/outputs/Bclosure30/com_google_debugging_sourcemap_SourceMapConsumerV1$SourceFile_newBuilder_0_basic.dot,1,1,Constant,1.,1.
290,/home/tunghn1/Inf199/PathComplexity/scripts/cfgextractor/outputs/Bclosure30/com_google_debugging_sourcemap_SourceMapConsumerV1$SourceFile$Builder_build_0_basic.dot,1,1,Constant,1.,1.
291,/home/tunghn1/Inf199/PathComplexity/scripts/cfgextractor/outputs/Bclosure30/com_google_debugging_sourcemap_SourceMapConsumerV1$SourceFile$Builder_<init>_0_basic.dot,1,1,Constant,1.,1.
292,/home/tunghn1/Inf199/PathComplexity/scripts/cfgextractor/outputs/Bclosure30/com_google_debugging_sourcemap_SourceMapConsumerV1$SourceFile$Builder_setColumns_0_basic.dot,1,1,Constant,1.,1.
293,/home/tunghn1/Inf199/PathComplexity/scripts/cfgextractor/outputs/Bclosure30/com_google_debugging_sourcemap_SourceMapConsumerV1$SourceFile$Builder_setDir_0_basic.dot,1,1,Constant,1.,1.
294,/home/tunghn1/Inf199/PathComplexity/scripts/cfgextractor/outputs/Bclosure30/com_google_debugging_sourcemap_SourceMapConsumerV1$SourceFile$Builder_setFileName_0_basic.dot,1,1,Constant,1.,1.
295,/home/tunghn1/Inf199/PathComplexity/scripts/cfgextractor/outputs/Bclosure30/com_google_debugging_sourcemap_SourceMapConsumerV1$SourceFile$Builder_setIdentifiers_0_basic.dot,1,1,Constant,1.,1.
296,/home/tunghn1/Inf199/PathComplexity/scripts/cfgextractor/outputs/Bclosure30/com_google_debugging_sourcemap_SourceMapConsumerV1$SourceFile$Builder_setLineOffsets_0_basic.dot,1,1,Constant,1.,1.
297,/home/tunghn1/Inf199/PathComplexity/scripts/cfgextractor/outputs/Bclosure30/com_google_debugging_sourcemap_SourceMapConsumerV1$SourceFile$Builder_setStartLine_0_basic.dot,1,1,Constant,1.,1.
298,/home/tunghn1/Inf199/PathComplexity/scripts/cfgextractor/outputs/Bclosure30/com_google_debugging_sourcemap_SourceMapConsumerV1$SourceFile$Builder_setStartMapId_0_basic.dot,1,1,Constant,1.,1.
299,/home/tunghn1/Inf199/PathComplexity/scripts/cfgextractor/outputs/Bclosure30/com_google_debugging_sourcemap_SourceMapConsumerV2_getMappingForLine_0_basic.dot,10,42,Constant,42.,42.
300,/home/tunghn1/Inf199/PathComplexity/scripts/cfgextractor/outputs/Bclosure30/com_google_debugging_sourcemap_SourceMapConsumerV2_<init>_0_basic.dot,1,1,Constant,1.,1.
301,/home/tunghn1/Inf199/PathComplexity/scripts/cfgextractor/outputs/Bclosure30/com_google_debugging_sourcemap_SourceMapConsumerV2_parse_0_basic.dot,2,2,Constant,2.,2.
302,/home/tunghn1/Inf199/PathComplexity/scripts/cfgextractor/outputs/Bclosure30/com_google_debugging_sourcemap_SourceMapConsumerV2_parseInternal_0_basic.dot,8,10,Exponential,33.36*1.22^n,0. + 0.01*0.72^n + 1.79*1.06^n + 33.36*1.22^n
303,/home/tunghn1/Inf199/PathComplexity/scripts/cfgextractor/outputs/Bclosure30/com_google_debugging_sourcemap_SourceMapConsumerV3_access$000_0_basic.dot,1,1,Constant,1.,1.
304,/home/tunghn1/Inf199/PathComplexity/scripts/cfgextractor/outputs/Bclosure30/com_google_debugging_sourcemap_SourceMapConsumerV3_access$100_0_basic.dot,1,1,Constant,1.,1.
305,/home/tunghn1/Inf199/PathComplexity/scripts/cfgextractor/outputs/Bclosure30/com_google_debugging_sourcemap_SourceMapConsumerV3_access$200_0_basic.dot,1,1,Constant,1.,1.
306,/home/tunghn1/Inf199/PathComplexity/scripts/cfgextractor/outputs/Bclosure30/com_google_debugging_sourcemap_SourceMapConsumerV3_access$300_0_basic.dot,1,1,Constant,1.,1.
307,/home/tunghn1/Inf199/PathComplexity/scripts/cfgextractor/outputs/Bclosure30/com_google_debugging_sourcemap_SourceMapConsumerV3_compareEntry_0_basic.dot,1,1,Constant,1.,1.
308,/home/tunghn1/Inf199/PathComplexity/scripts/cfgextractor/outputs/Bclosure30/com_google_debugging_sourcemap_SourceMapConsumerV3_createReverseMapping_0_basic.dot,8,9,Exponential,19.01*1.45^n,5. + 0.01*0.8200000000000001^n + 2.43*0.9500000000000001^n + 0.07*1.03^n + 1.17*1.1400000000000001^n + 0.92*1.22^n + 19.01*1.45^n
309,/home/tunghn1/Inf199/PathComplexity/scripts/cfgextractor/outputs/Bclosure30/com_google_debugging_sourcemap_SourceMapConsumerV3_getJavaStringArray_0_basic.dot,2,2,Polynomial,0.5*n,1. + 0.5*n
310,/home/tunghn1/Inf199/PathComplexity/scripts/cfgextractor/outputs/Bclosure30/com_google_debugging_sourcemap_SourceMapConsumerV3_getMappingForLine_0_basic.dot,9,30,Constant,30.,30.
311,/home/tunghn1/Inf199/PathComplexity/scripts/cfgextractor/outputs/Bclosure30/com_google_debugging_sourcemap_SourceMapConsumerV3_getOriginalMappingForEntry_0_basic.dot,3,3,Constant,3.,3.
312,/home/tunghn1/Inf199/PathComplexity/scripts/cfgextractor/outputs/Bclosure30/com_google_debugging_sourcemap_SourceMapConsumerV3_getOriginalSources_0_basic.dot,1,1,Constant,1.,1.
313,/home/tunghn1/Inf199/PathComplexity/scripts/cfgextractor/outputs/Bclosure30/com_google_debugging_sourcemap_SourceMapConsumerV3_getPreviousMapping_0_basic.dot,3,3,Polynomial,1.*n,3. + 1.*n
314,/home/tunghn1/Inf199/PathComplexity/scripts/cfgextractor/outputs/Bclosure30/com_google_debugging_sourcemap_SourceMapConsumerV3_getReverseMapping_0_basic.dot,4,6,Constant,6.,6.
315,/home/tunghn1/Inf199/PathComplexity/scripts/cfgextractor/outputs/Bclosure30/com_google_debugging_sourcemap_SourceMapConsumerV3_<init>_0_basic.dot,1,1,Constant,1.,1.
316,/home/tunghn1/Inf199/PathComplexity/scripts/cfgextractor/outputs/Bclosure30/com_google_debugging_sourcemap_SourceMapConsumerV3_parse_0_basic.dot,5,5,Constant,5.,5.
317,/home/tunghn1/Inf199/PathComplexity/scripts/cfgextractor/outputs/Bclosure30/com_google_debugging_sourcemap_SourceMapConsumerV3_parseMetaMap_0_basic.dot,17,35,Exponential,243.96*1.24^n,11. + 0.02*0.92^n + 3.56*1.1300000000000001^n + 19.98*1.22^n + 243.96*1.24^n
318,/home/tunghn1/Inf199/PathComplexity/scripts/cfgextractor/outputs/Bclosure30/com_google_debugging_sourcemap_SourceMapConsumerV3_search_0_basic.dot,5,5,Exponential,12.11*2.^(0.25*n),3. + 12.11*2.^(0.25*n)
319,/home/tunghn1/Inf199/PathComplexity/scripts/cfgextractor/outputs/Bclosure30/com_google_debugging_sourcemap_SourceMapConsumerV3_visitMappings_0_basic.dot,7,9,Exponential,15.610000000000001*1.41^n,5. + 2.6100000000000003*0.9500000000000001^n + 0.1*1.07^n + 0.35000000000000003*1.12^n + 0.74*1.22^n + 15.610000000000001*1.41^n
320,/home/tunghn1/Inf199/PathComplexity/scripts/cfgextractor/outputs/Bclosure30/com_google_debugging_sourcemap_SourceMapConsumerV3$DefaultSourceMapSupplier_getSourceMap_0_basic.dot,1,1,Constant,1.,1.
321,/home/tunghn1/Inf199/PathComplexity/scripts/cfgextractor/outputs/Bclosure30/com_google_debugging_sourcemap_SourceMapConsumerV3$DefaultSourceMapSupplier_<init>_0_basic.dot,1,1,Constant,1.,1.
322,/home/tunghn1/Inf199/PathComplexity/scripts/cfgextractor/outputs/Bclosure30/com_google_debugging_sourcemap_SourceMapConsumerV3$MappingBuilder_build_0_basic.dot,5,5,Exponential,8.52*1.34^n,0. + 0.01*0.79^n + 2.18*1.21^n + 1.6600000000000001*1.24^n + 8.52*1.34^n
323,/home/tunghn1/Inf199/PathComplexity/scripts/cfgextractor/outputs/Bclosure30/com_google_debugging_sourcemap_SourceMapConsumerV3$MappingBuilder_decodeEntry_0_basic.dot,4,4,Constant,4.,4.
324,/home/tunghn1/Inf199/PathComplexity/scripts/cfgextractor/outputs/Bclosure30/com_google_debugging_sourcemap_SourceMapConsumerV3$MappingBuilder_entryComplete_0_basic.dot,4,4,Constant,4.,4.
325,/home/tunghn1/Inf199/PathComplexity/scripts/cfgextractor/outputs/Bclosure30/com_google_debugging_sourcemap_SourceMapConsumerV3$MappingBuilder_<init>_0_basic.dot,1,1,Constant,1.,1.
326,/home/tunghn1/Inf199/PathComplexity/scripts/cfgextractor/outputs/Bclosure30/com_google_debugging_sourcemap_SourceMapConsumerV3$MappingBuilder_nextValue_0_basic.dot,1,1,Constant,1.,1.
327,/home/tunghn1/Inf199/PathComplexity/scripts/cfgextractor/outputs/Bclosure30/com_google_debugging_sourcemap_SourceMapConsumerV3$MappingBuilder_tryConsumeToken_0_basic.dot,3,3,Constant,3.,3.
328,/home/tunghn1/Inf199/PathComplexity/scripts/cfgextractor/outputs/Bclosure30/com_google_debugging_sourcemap_SourceMapConsumerV3$MappingBuilder_validateEntry_0_basic.dot,6,18,Constant,18.,18.
329,/home/tunghn1/Inf199/PathComplexity/scripts/cfgextractor/outputs/Bclosure30/com_google_debugging_sourcemap_SourceMapConsumerV3$NamedEntry_getNameId_0_basic.dot,1,1,Constant,1.,1.
330,/home/tunghn1/Inf199/PathComplexity/scripts/cfgextractor/outputs/Bclosure30/com_google_debugging_sourcemap_SourceMapConsumerV3$NamedEntry_<init>_0_basic.dot,1,1,Constant,1.,1.
331,/home/tunghn1/Inf199/PathComplexity/scripts/cfgextractor/outputs/Bclosure30/com_google_debugging_sourcemap_SourceMapConsumerV3$StringCharIterator_hasNext_0_basic.dot,2,2,Constant,2.,2.
332,/home/tunghn1/Inf199/PathComplexity/scripts/cfgextractor/outputs/Bclosure30/com_google_debugging_sourcemap_SourceMapConsumerV3$StringCharIterator_<init>_0_basic.dot,1,1,Constant,1.,1.
333,/home/tunghn1/Inf199/PathComplexity/scripts/cfgextractor/outputs/Bclosure30/com_google_debugging_sourcemap_SourceMapConsumerV3$StringCharIterator_next_0_basic.dot,1,1,Constant,1.,1.
334,/home/tunghn1/Inf199/PathComplexity/scripts/cfgextractor/outputs/Bclosure30/com_google_debugging_sourcemap_SourceMapConsumerV3$StringCharIterator_peek_0_basic.dot,1,1,Constant,1.,1.
335,/home/tunghn1/Inf199/PathComplexity/scripts/cfgextractor/outputs/Bclosure30/com_google_debugging_sourcemap_SourceMapConsumerV3$UnmappedEntry_getGeneratedColumn_0_basic.dot,1,1,Constant,1.,1.
336,/home/tunghn1/Inf199/PathComplexity/scripts/cfgextractor/outputs/Bclosure30/com_google_debugging_sourcemap_SourceMapConsumerV3$UnmappedEntry_getNameId_0_basic.dot,1,1,Constant,1.,1.
337,/home/tunghn1/Inf199/PathComplexity/scripts/cfgextractor/outputs/Bclosure30/com_google_debugging_sourcemap_SourceMapConsumerV3$UnmappedEntry_getSourceColumn_0_basic.dot,1,1,Constant,1.,1.
338,/home/tunghn1/Inf199/PathComplexity/scripts/cfgextractor/outputs/Bclosure30/com_google_debugging_sourcemap_SourceMapConsumerV3$UnmappedEntry_getSourceFileId_0_basic.dot,1,1,Constant,1.,1.
339,/home/tunghn1/Inf199/PathComplexity/scripts/cfgextractor/outputs/Bclosure30/com_google_debugging_sourcemap_SourceMapConsumerV3$UnmappedEntry_getSourceLine_0_basic.dot,1,1,Constant,1.,1.
340,/home/tunghn1/Inf199/PathComplexity/scripts/cfgextractor/outputs/Bclosure30/com_google_debugging_sourcemap_SourceMapConsumerV3$UnmappedEntry_<init>_0_basic.dot,1,1,Constant,1.,1.
341,/home/tunghn1/Inf199/PathComplexity/scripts/cfgextractor/outputs/Bclosure30/com_google_debugging_sourcemap_SourceMapConsumerV3$UnnamedEntry_getNameId_0_basic.dot,1,1,Constant,1.,1.
342,/home/tunghn1/Inf199/PathComplexity/scripts/cfgextractor/outputs/Bclosure30/com_google_debugging_sourcemap_SourceMapConsumerV3$UnnamedEntry_getSourceColumn_0_basic.dot,1,1,Constant,1.,1.
343,/home/tunghn1/Inf199/PathComplexity/scripts/cfgextractor/outputs/Bclosure30/com_google_debugging_sourcemap_SourceMapConsumerV3$UnnamedEntry_getSourceFileId_0_basic.dot,1,1,Constant,1.,1.
344,/home/tunghn1/Inf199/PathComplexity/scripts/cfgextractor/outputs/Bclosure30/com_google_debugging_sourcemap_SourceMapConsumerV3$UnnamedEntry_getSourceLine_0_basic.dot,1,1,Constant,1.,1.
345,/home/tunghn1/Inf199/PathComplexity/scripts/cfgextractor/outputs/Bclosure30/com_google_debugging_sourcemap_SourceMapConsumerV3$UnnamedEntry_<init>_0_basic.dot,1,1,Constant,1.,1.
346,/home/tunghn1/Inf199/PathComplexity/scripts/cfgextractor/outputs/Bclosure30/com_google_debugging_sourcemap_SourceMapFormat_<clinit>_0_basic.dot,1,1,Constant,1.,1.
347,/home/tunghn1/Inf199/PathComplexity/scripts/cfgextractor/outputs/Bclosure30/com_google_debugging_sourcemap_SourceMapFormat_<init>_0_basic.dot,1,1,Constant,1.,1.
348,/home/tunghn1/Inf199/PathComplexity/scripts/cfgextractor/outputs/Bclosure30/com_google_debugging_sourcemap_SourceMapFormat_valueOf_0_basic.dot,1,1,Constant,1.,1.
349,/home/tunghn1/Inf199/PathComplexity/scripts/cfgextractor/outputs/Bclosure30/com_google_debugging_sourcemap_SourceMapFormat_values_0_basic.dot,1,1,Constant,1.,1.
350,/home/tunghn1/Inf199/PathComplexity/scripts/cfgextractor/outputs/Bclosure30/com_google_debugging_sourcemap_SourceMapGeneratorFactory_getInstance_0_basic.dot,4,4,Constant,4.,4.
351,/home/tunghn1/Inf199/PathComplexity/scripts/cfgextractor/outputs/Bclosure30/com_google_debugging_sourcemap_SourceMapGeneratorFactory_<init>_0_basic.dot,1,1,Constant,1.,1.
352,/home/tunghn1/Inf199/PathComplexity/scripts/cfgextractor/outputs/Bclosure30/com_google_debugging_sourcemap_SourceMapGeneratorFactory$1_<clinit>_0_basic.dot,5,5,Constant,5.,5.
353,/home/tunghn1/Inf199/PathComplexity/scripts/cfgextractor/outputs/Bclosure30/com_google_debugging_sourcemap_SourceMapGeneratorV1_access$000_0_basic.dot,1,1,Constant,1.,1.
354,/home/tunghn1/Inf199/PathComplexity/scripts/cfgextractor/outputs/Bclosure30/com_google_debugging_sourcemap_SourceMapGeneratorV1_access$100_0_basic.dot,1,1,Constant,1.,1.
355,/home/tunghn1/Inf199/PathComplexity/scripts/cfgextractor/outputs/Bclosure30/com_google_debugging_sourcemap_SourceMapGeneratorV1_access$400_0_basic.dot,1,1,Constant,1.,1.
356,/home/tunghn1/Inf199/PathComplexity/scripts/cfgextractor/outputs/Bclosure30/com_google_debugging_sourcemap_SourceMapGeneratorV1_addMapping_0_basic.dot,11,47,Constant,47.,47.
357,/home/tunghn1/Inf199/PathComplexity/scripts/cfgextractor/outputs/Bclosure30/com_google_debugging_sourcemap_SourceMapGeneratorV1_appendIndexMapTo_0_basic.dot,1,1,Constant,1.,1.
358,/home/tunghn1/Inf199/PathComplexity/scripts/cfgextractor/outputs/Bclosure30/com_google_debugging_sourcemap_SourceMapGeneratorV1_appendTo_0_basic.dot,2,2,Polynomial,0.5*n,1. + 0.5*n
359,/home/tunghn1/Inf199/PathComplexity/scripts/cfgextractor/outputs/Bclosure30/com_google_debugging_sourcemap_SourceMapGeneratorV1_escapeString_0_basic.dot,1,1,Constant,1.,1.
360,/home/tunghn1/Inf199/PathComplexity/scripts/cfgextractor/outputs/Bclosure30/com_google_debugging_sourcemap_SourceMapGeneratorV1_<init>_0_basic.dot,1,1,Constant,1.,1.
361,/home/tunghn1/Inf199/PathComplexity/scripts/cfgextractor/outputs/Bclosure30/com_google_debugging_sourcemap_SourceMapGeneratorV1_prepMappings_0_basic.dot,3,3,Exponential,2.92*1.22^n,1. + 0.02*0.72^n + 0.45*1.06^n + 2.92*1.22^n
362,/home/tunghn1/Inf199/PathComplexity/scripts/cfgextractor/outputs/Bclosure30/com_google_debugging_sourcemap_SourceMapGeneratorV1_reset_0_basic.dot,1,1,Constant,1.,1.
363,/home/tunghn1/Inf199/PathComplexity/scripts/cfgextractor/outputs/Bclosure30/com_google_debugging_sourcemap_SourceMapGeneratorV1_setStartingPosition_0_basic.dot,3,4,Constant,4.,4.
364,/home/tunghn1/Inf199/PathComplexity/scripts/cfgextractor/outputs/Bclosure30/com_google_debugging_sourcemap_SourceMapGeneratorV1_setWrapperPrefix_0_basic.dot,3,3,Exponential,4.18*2.^(0.25*n),1. + 4.18*2.^(0.25*n)
365,/home/tunghn1/Inf199/PathComplexity/scripts/cfgextractor/outputs/Bclosure30/com_google_debugging_sourcemap_SourceMapGeneratorV1_validate_0_basic.dot,1,1,Constant,1.,1.
366,/home/tunghn1/Inf199/PathComplexity/scripts/cfgextractor/outputs/Bclosure30/com_google_debugging_sourcemap_SourceMapGeneratorV1$LineMapper_addCharEntry_0_basic.dot,3,3,Constant,3.,3.
367,/home/tunghn1/Inf199/PathComplexity/scripts/cfgextractor/outputs/Bclosure30/com_google_debugging_sourcemap_SourceMapGeneratorV1$LineMapper_appendLineMappings_0_basic.dot,1,1,Constant,1.,1.
368,/home/tunghn1/Inf199/PathComplexity/scripts/cfgextractor/outputs/Bclosure30/com_google_debugging_sourcemap_SourceMapGeneratorV1$LineMapper_closeLine_0_basic.dot,2,2,Constant,2.,2.
369,/home/tunghn1/Inf199/PathComplexity/scripts/cfgextractor/outputs/Bclosure30/com_google_debugging_sourcemap_SourceMapGeneratorV1$LineMapper_<init>_0_basic.dot,1,1,Constant,1.,1.
370,/home/tunghn1/Inf199/PathComplexity/scripts/cfgextractor/outputs/Bclosure30/com_google_debugging_sourcemap_SourceMapGeneratorV1$LineMapper_openLine_0_basic.dot,2,2,Constant,2.,2.
371,/home/tunghn1/Inf199/PathComplexity/scripts/cfgextractor/outputs/Bclosure30/com_google_debugging_sourcemap_SourceMapGeneratorV1$LineMapper_visit_0_basic.dot,7,24,Polynomial,0.5*n^2.,57.34 + 10.*n + 0.5*n^2.
372,/home/tunghn1/Inf199/PathComplexity/scripts/cfgextractor/outputs/Bclosure30/com_google_debugging_sourcemap_SourceMapGeneratorV1$Mapping_<init>_0_basic.dot,1,1,Constant,1.,1.
373,/home/tunghn1/Inf199/PathComplexity/scripts/cfgextractor/outputs/Bclosure30/com_google_debugging_sourcemap_SourceMapGeneratorV1$MappingTraversal_getAdjustedCol_0_basic.dot,2,2,Constant,2.,2.
374,/home/tunghn1/Inf199/PathComplexity/scripts/cfgextractor/outputs/Bclosure30/com_google_debugging_sourcemap_SourceMapGeneratorV1$MappingTraversal_getAdjustedLine_0_basic.dot,1,1,Constant,1.,1.
375,/home/tunghn1/Inf199/PathComplexity/scripts/cfgextractor/outputs/Bclosure30/com_google_debugging_sourcemap_SourceMapGeneratorV1$MappingTraversal_<init>_0_basic.dot,1,1,Constant,1.,1.
376,/home/tunghn1/Inf199/PathComplexity/scripts/cfgextractor/outputs/Bclosure30/com_google_debugging_sourcemap_SourceMapGeneratorV1$MappingTraversal_isOverlapped_0_basic.dot,4,5,Constant,5.,5.
377,/home/tunghn1/Inf199/PathComplexity/scripts/cfgextractor/outputs/Bclosure30/com_google_debugging_sourcemap_SourceMapGeneratorV1$MappingTraversal_maybeVisit_0_basic.dot,4,4,Constant,4.,4.
378,/home/tunghn1/Inf199/PathComplexity/scripts/cfgextractor/outputs/Bclosure30/com_google_debugging_sourcemap_SourceMapGeneratorV1$MappingTraversal_maybeVisitParent_0_basic.dot,6,12,Constant,12.,12.
379,/home/tunghn1/Inf199/PathComplexity/scripts/cfgextractor/outputs/Bclosure30/com_google_debugging_sourcemap_SourceMapGeneratorV1$MappingTraversal_traverse_0_basic.dot,5,8,Exponential,7.66*1.32^n,1.22 + 0.07*0.87^n + 7.66*1.32^n
380,/home/tunghn1/Inf199/PathComplexity/scripts/cfgextractor/outputs/Bclosure30/com_google_debugging_sourcemap_SourceMapGeneratorV1$MappingTraversal_visit_0_basic.dot,6,18,Constant,18.,18.
381,/home/tunghn1/Inf199/PathComplexity/scripts/cfgextractor/outputs/Bclosure30/com_google_debugging_sourcemap_SourceMapGeneratorV1$MappingWriter_appendMappings_0_basic.dot,3,3,Exponential,2.92*1.22^n,1. + 0.02*0.72^n + 0.45*1.06^n + 2.92*1.22^n
382,/home/tunghn1/Inf199/PathComplexity/scripts/cfgextractor/outputs/Bclosure30/com_google_debugging_sourcemap_SourceMapGeneratorV1$MappingWriter_appendMappingTo_0_basic.dot,4,8,Constant,8.,8.
383,/home/tunghn1/Inf199/PathComplexity/scripts/cfgextractor/outputs/Bclosure30/com_google_debugging_sourcemap_SourceMapGeneratorV1$MappingWriter_<init>_0_basic.dot,1,1,Constant,1.,1.
384,/home/tunghn1/Inf199/PathComplexity/scripts/cfgextractor/outputs/Bclosure30/com_google_debugging_sourcemap_SourceMapGeneratorV1$UsedMappingCheck_<init>_0_basic.dot,1,1,Constant,1.,1.
385,/home/tunghn1/Inf199/PathComplexity/scripts/cfgextractor/outputs/Bclosure30/com_google_debugging_sourcemap_SourceMapGeneratorV1$UsedMappingCheck_visit_0_basic.dot,2,2,Constant,2.,2.
386,/home/tunghn1/Inf199/PathComplexity/scripts/cfgextractor/outputs/Bclosure30/com_google_debugging_sourcemap_SourceMapGeneratorV2_access$200_0_basic.dot,1,1,Constant,1.,1.
387,/home/tunghn1/Inf199/PathComplexity/scripts/cfgextractor/outputs/Bclosure30/com_google_debugging_sourcemap_SourceMapGeneratorV2_access$300_0_basic.dot,1,1,Constant,1.,1.
388,/home/tunghn1/Inf199/PathComplexity/scripts/cfgextractor/outputs/Bclosure30/com_google_debugging_sourcemap_SourceMapGeneratorV2_access$400_0_basic.dot,1,1,Constant,1.,1.
389,/home/tunghn1/Inf199/PathComplexity/scripts/cfgextractor/outputs/Bclosure30/com_google_debugging_sourcemap_SourceMapGeneratorV2_access$500_0_basic.dot,1,1,Constant,1.,1.
390,/home/tunghn1/Inf199/PathComplexity/scripts/cfgextractor/outputs/Bclosure30/com_google_debugging_sourcemap_SourceMapGeneratorV2_addMap_0_basic.dot,3,3,Exponential,2.92*1.22^n,1. + 0.02*0.72^n + 0.45*1.06^n + 2.92*1.22^n
391,/home/tunghn1/Inf199/PathComplexity/scripts/cfgextractor/outputs/Bclosure30/com_google_debugging_sourcemap_SourceMapGeneratorV2_addMapping_0_basic.dot,11,47,Constant,47.,47.
392,/home/tunghn1/Inf199/PathComplexity/scripts/cfgextractor/outputs/Bclosure30/com_google_debugging_sourcemap_SourceMapGeneratorV2_addOriginalNameMap_0_basic.dot,1,1,Constant,1.,1.
393,/home/tunghn1/Inf199/PathComplexity/scripts/cfgextractor/outputs/Bclosure30/com_google_debugging_sourcemap_SourceMapGeneratorV2_addSourceNameMap_0_basic.dot,1,1,Constant,1.,1.
394,/home/tunghn1/Inf199/PathComplexity/scripts/cfgextractor/outputs/Bclosure30/com_google_debugging_sourcemap_SourceMapGeneratorV2_appendField_0_basic.dot,1,1,Constant,1.,1.
395,/home/tunghn1/Inf199/PathComplexity/scripts/cfgextractor/outputs/Bclosure30/com_google_debugging_sourcemap_SourceMapGeneratorV2_appendFieldEnd_0_basic.dot,1,1,Constant,1.,1.
396,/home/tunghn1/Inf199/PathComplexity/scripts/cfgextractor/outputs/Bclosure30/com_google_debugging_sourcemap_SourceMapGeneratorV2_appendFieldStart_0_basic.dot,1,1,Constant,1.,1.
397,/home/tunghn1/Inf199/PathComplexity/scripts/cfgextractor/outputs/Bclosure30/com_google_debugging_sourcemap_SourceMapGeneratorV2_appendFirstField_0_basic.dot,1,1,Constant,1.,1.
398,/home/tunghn1/Inf199/PathComplexity/scripts/cfgextractor/outputs/Bclosure30/com_google_debugging_sourcemap_SourceMapGeneratorV2_appendIndexMapTo_0_basic.dot,1,1,Constant,1.,1.
399,/home/tunghn1/Inf199/PathComplexity/scripts/cfgextractor/outputs/Bclosure30/com_google_debugging_sourcemap_SourceMapGeneratorV2_appendTo_0_basic.dot,1,1,Constant,1.,1.
400,/home/tunghn1/Inf199/PathComplexity/scripts/cfgextractor/outputs/Bclosure30/com_google_debugging_sourcemap_SourceMapGeneratorV2_escapeString_0_basic.dot,1,1,Constant,1.,1.
401,/home/tunghn1/Inf199/PathComplexity/scripts/cfgextractor/outputs/Bclosure30/com_google_debugging_sourcemap_SourceMapGeneratorV2_getNameId_0_basic.dot,2,2,Constant,2.,2.
402,/home/tunghn1/Inf199/PathComplexity/scripts/cfgextractor/outputs/Bclosure30/com_google_debugging_sourcemap_SourceMapGeneratorV2_getSourceId_0_basic.dot,3,3,Constant,3.,3.
403,/home/tunghn1/Inf199/PathComplexity/scripts/cfgextractor/outputs/Bclosure30/com_google_debugging_sourcemap_SourceMapGeneratorV2_<init>_0_basic.dot,1,1,Constant,1.,1.
404,/home/tunghn1/Inf199/PathComplexity/scripts/cfgextractor/outputs/Bclosure30/com_google_debugging_sourcemap_SourceMapGeneratorV2_prepMappings_0_basic.dot,3,3,Exponential,2.92*1.22^n,1. + 0.02*0.72^n + 0.45*1.06^n + 2.92*1.22^n
405,/home/tunghn1/Inf199/PathComplexity/scripts/cfgextractor/outputs/Bclosure30/com_google_debugging_sourcemap_SourceMapGeneratorV2_reset_0_basic.dot,1,1,Constant,1.,1.
406,/home/tunghn1/Inf199/PathComplexity/scripts/cfgextractor/outputs/Bclosure30/com_google_debugging_sourcemap_SourceMapGeneratorV2_setStartingPosition_0_basic.dot,3,4,Constant,4.,4.
407,/home/tunghn1/Inf199/PathComplexity/scripts/cfgextractor/outputs/Bclosure30/com_google_debugging_sourcemap_SourceMapGeneratorV2_setWrapperPrefix_0_basic.dot,3,3,Exponential,4.18*2.^(0.25*n),1. + 4.18*2.^(0.25*n)
408,/home/tunghn1/Inf199/PathComplexity/scripts/cfgextractor/outputs/Bclosure30/com_google_debugging_sourcemap_SourceMapGeneratorV2_validate_0_basic.dot,1,1,Constant,1.,1.
409,/home/tunghn1/Inf199/PathComplexity/scripts/cfgextractor/outputs/Bclosure30/com_google_debugging_sourcemap_SourceMapGeneratorV2$LineMapEncoder_encodeEntry_0_basic.dot,7,14,Polynomial,2.*n,24. + 2.*n
410,/home/tunghn1/Inf199/PathComplexity/scripts/cfgextractor/outputs/Bclosure30/com_google_debugging_sourcemap_SourceMapGeneratorV2$LineMapEncoder_getRelativeMappingId_0_basic.dot,2,2,Constant,2.,2.
411,/home/tunghn1/Inf199/PathComplexity/scripts/cfgextractor/outputs/Bclosure30/com_google_debugging_sourcemap_SourceMapGeneratorV2$LineMapEncoder_getRelativeMappingIdLength_0_basic.dot,5,12,Polynomial,3.*n,14. + 3.*n
412,/home/tunghn1/Inf199/PathComplexity/scripts/cfgextractor/outputs/Bclosure30/com_google_debugging_sourcemap_SourceMapGeneratorV2$LineMapEncoder_<init>_0_basic.dot,1,1,Constant,1.,1.
413,/home/tunghn1/Inf199/PathComplexity/scripts/cfgextractor/outputs/Bclosure30/com_google_debugging_sourcemap_SourceMapGeneratorV2$LineMapEncoder_valueToBase64_0_basic.dot,4,8,Polynomial,0.04*n^3.,5. + 3.08*n + 0.62*n^2. + 0.04*n^3.
414,/home/tunghn1/Inf199/PathComplexity/scripts/cfgextractor/outputs/Bclosure30/com_google_debugging_sourcemap_SourceMapGeneratorV2$LineMapper_appendLineMappings_0_basic.dot,1,1,Constant,1.,1.
415,/home/tunghn1/Inf199/PathComplexity/scripts/cfgextractor/outputs/Bclosure30/com_google_debugging_sourcemap_SourceMapGeneratorV2$LineMapper_closeEntry_0_basic.dot,5,5,Constant,5.,5.
416,/home/tunghn1/Inf199/PathComplexity/scripts/cfgextractor/outputs/Bclosure30/com_google_debugging_sourcemap_SourceMapGeneratorV2$LineMapper_closeLine_0_basic.dot,2,2,Constant,2.,2.
417,/home/tunghn1/Inf199/PathComplexity/scripts/cfgextractor/outputs/Bclosure30/com_google_debugging_sourcemap_SourceMapGeneratorV2$LineMapper_<init>_0_basic.dot,1,1,Constant,1.,1.
418,/home/tunghn1/Inf199/PathComplexity/scripts/cfgextractor/outputs/Bclosure30/com_google_debugging_sourcemap_SourceMapGeneratorV2$LineMapper_openLine_0_basic.dot,1,1,Constant,1.,1.
419,/home/tunghn1/Inf199/PathComplexity/scripts/cfgextractor/outputs/Bclosure30/com_google_debugging_sourcemap_SourceMapGeneratorV2$LineMapper_visit_0_basic.dot,4,6,Polynomial,1.33*n,7.4399999999999995 + 1.33*n
420,/home/tunghn1/Inf199/PathComplexity/scripts/cfgextractor/outputs/Bclosure30/com_google_debugging_sourcemap_SourceMapGeneratorV2$Mapping_<init>_0_basic.dot,1,1,Constant,1.,1.
421,/home/tunghn1/Inf199/PathComplexity/scripts/cfgextractor/outputs/Bclosure30/com_google_debugging_sourcemap_SourceMapGeneratorV2$MappingTraversal_getAdjustedCol_0_basic.dot,2,2,Constant,2.,2.
422,/home/tunghn1/Inf199/PathComplexity/scripts/cfgextractor/outputs/Bclosure30/com_google_debugging_sourcemap_SourceMapGeneratorV2$MappingTraversal_getAdjustedLine_0_basic.dot,1,1,Constant,1.,1.
423,/home/tunghn1/Inf199/PathComplexity/scripts/cfgextractor/outputs/Bclosure30/com_google_debugging_sourcemap_SourceMapGeneratorV2$MappingTraversal_<init>_0_basic.dot,1,1,Constant,1.,1.
424,/home/tunghn1/Inf199/PathComplexity/scripts/cfgextractor/outputs/Bclosure30/com_google_debugging_sourcemap_SourceMapGeneratorV2$MappingTraversal_isOverlapped_0_basic.dot,4,5,Constant,5.,5.
425,/home/tunghn1/Inf199/PathComplexity/scripts/cfgextractor/outputs/Bclosure30/com_google_debugging_sourcemap_SourceMapGeneratorV2$MappingTraversal_maybeVisit_0_basic.dot,4,4,Constant,4.,4.
426,/home/tunghn1/Inf199/PathComplexity/scripts/cfgextractor/outputs/Bclosure30/com_google_debugging_sourcemap_SourceMapGeneratorV2$MappingTraversal_maybeVisitParent_0_basic.dot,6,12,Constant,12.,12.
427,/home/tunghn1/Inf199/PathComplexity/scripts/cfgextractor/outputs/Bclosure30/com_google_debugging_sourcemap_SourceMapGeneratorV2$MappingTraversal_traverse_0_basic.dot,5,8,Exponential,7.66*1.32^n,1.22 + 0.07*0.87^n + 7.66*1.32^n
428,/home/tunghn1/Inf199/PathComplexity/scripts/cfgextractor/outputs/Bclosure30/com_google_debugging_sourcemap_SourceMapGeneratorV2$MappingTraversal_visit_0_basic.dot,6,18,Constant,18.,18.
429,/home/tunghn1/Inf199/PathComplexity/scripts/cfgextractor/outputs/Bclosure30/com_google_debugging_sourcemap_SourceMapGeneratorV2$MappingWriter_appendMappings_0_basic.dot,3,3,Exponential,2.92*1.22^n,1. + 0.02*0.72^n + 0.45*1.06^n + 2.92*1.22^n
430,/home/tunghn1/Inf199/PathComplexity/scripts/cfgextractor/outputs/Bclosure30/com_google_debugging_sourcemap_SourceMapGeneratorV2$MappingWriter_appendMappingTo_0_basic.dot,3,4,Constant,4.,4.
431,/home/tunghn1/Inf199/PathComplexity/scripts/cfgextractor/outputs/Bclosure30/com_google_debugging_sourcemap_SourceMapGeneratorV2$MappingWriter_<init>_0_basic.dot,1,1,Constant,1.,1.
432,/home/tunghn1/Inf199/PathComplexity/scripts/cfgextractor/outputs/Bclosure30/com_google_debugging_sourcemap_SourceMapGeneratorV2$UsedMappingCheck_<init>_0_basic.dot,1,1,Constant,1.,1.
433,/home/tunghn1/Inf199/PathComplexity/scripts/cfgextractor/outputs/Bclosure30/com_google_debugging_sourcemap_SourceMapGeneratorV2$UsedMappingCheck_visit_0_basic.dot,2,2,Constant,2.,2.
434,/home/tunghn1/Inf199/PathComplexity/scripts/cfgextractor/outputs/Bclosure30/com_google_debugging_sourcemap_SourceMapGeneratorV3_access$100_0_basic.dot,1,1,Constant,1.,1.
435,/home/tunghn1/Inf199/PathComplexity/scripts/cfgextractor/outputs/Bclosure30/com_google_debugging_sourcemap_SourceMapGeneratorV3_access$200_0_basic.dot,1,1,Constant,1.,1.
436,/home/tunghn1/Inf199/PathComplexity/scripts/cfgextractor/outputs/Bclosure30/com_google_debugging_sourcemap_SourceMapGeneratorV3_access$300_0_basic.dot,1,1,Constant,1.,1.
437,/home/tunghn1/Inf199/PathComplexity/scripts/cfgextractor/outputs/Bclosure30/com_google_debugging_sourcemap_SourceMapGeneratorV3_access$400_0_basic.dot,1,1,Constant,1.,1.
438,/home/tunghn1/Inf199/PathComplexity/scripts/cfgextractor/outputs/Bclosure30/com_google_debugging_sourcemap_SourceMapGeneratorV3_addMapping_0_basic.dot,11,47,Constant,47.,47.
439,/home/tunghn1/Inf199/PathComplexity/scripts/cfgextractor/outputs/Bclosure30/com_google_debugging_sourcemap_SourceMapGeneratorV3_addNameMap_0_basic.dot,3,3,Exponential,2.92*1.22^n,1. + 0.02*0.72^n + 0.45*1.06^n + 2.92*1.22^n
440,/home/tunghn1/Inf199/PathComplexity/scripts/cfgextractor/outputs/Bclosure30/com_google_debugging_sourcemap_SourceMapGeneratorV3_addSourceNameMap_0_basic.dot,1,1,Constant,1.,1.
441,/home/tunghn1/Inf199/PathComplexity/scripts/cfgextractor/outputs/Bclosure30/com_google_debugging_sourcemap_SourceMapGeneratorV3_addSymbolNameMap_0_basic.dot,1,1,Constant,1.,1.
442,/home/tunghn1/Inf199/PathComplexity/scripts/cfgextractor/outputs/Bclosure30/com_google_debugging_sourcemap_SourceMapGeneratorV3_appendField_0_basic.dot,1,1,Constant,1.,1.
443,/home/tunghn1/Inf199/PathComplexity/scripts/cfgextractor/outputs/Bclosure30/com_google_debugging_sourcemap_SourceMapGeneratorV3_appendFieldEnd_0_basic.dot,1,1,Constant,1.,1.
444,/home/tunghn1/Inf199/PathComplexity/scripts/cfgextractor/outputs/Bclosure30/com_google_debugging_sourcemap_SourceMapGeneratorV3_appendFieldStart_0_basic.dot,1,1,Constant,1.,1.
445,/home/tunghn1/Inf199/PathComplexity/scripts/cfgextractor/outputs/Bclosure30/com_google_debugging_sourcemap_SourceMapGeneratorV3_appendFirstField_0_basic.dot,1,1,Constant,1.,1.
446,/home/tunghn1/Inf199/PathComplexity/scripts/cfgextractor/outputs/Bclosure30/com_google_debugging_sourcemap_SourceMapGeneratorV3_appendIndexMapTo_0_basic.dot,5,7,Exponential,10.22*1.24^n,1. + 0.19*0.92^n + 1.*1.1300000000000001^n + 1.48*1.22^n + 10.22*1.24^n
447,/home/tunghn1/Inf199/PathComplexity/scripts/cfgextractor/outputs/Bclosure30/com_google_debugging_sourcemap_SourceMapGeneratorV3_appendTo_0_basic.dot,1,1,Constant,1.,1.
448,/home/tunghn1/Inf199/PathComplexity/scripts/cfgextractor/outputs/Bclosure30/com_google_debugging_sourcemap_SourceMapGeneratorV3_escapeString_0_basic.dot,1,1,Constant,1.,1.
449,/home/tunghn1/Inf199/PathComplexity/scripts/cfgextractor/outputs/Bclosure30/com_google_debugging_sourcemap_SourceMapGeneratorV3_getNameId_0_basic.dot,2,2,Constant,2.,2.
450,/home/tunghn1/Inf199/PathComplexity/scripts/cfgextractor/outputs/Bclosure30/com_google_debugging_sourcemap_SourceMapGeneratorV3_getSourceId_0_basic.dot,3,3,Constant,3.,3.
451,/home/tunghn1/Inf199/PathComplexity/scripts/cfgextractor/outputs/Bclosure30/com_google_debugging_sourcemap_SourceMapGeneratorV3_<init>_0_basic.dot,1,1,Constant,1.,1.
452,/home/tunghn1/Inf199/PathComplexity/scripts/cfgextractor/outputs/Bclosure30/com_google_debugging_sourcemap_SourceMapGeneratorV3_mergeMapSection_0_basic.dot,1,1,Constant,1.,1.
453,/home/tunghn1/Inf199/PathComplexity/scripts/cfgextractor/outputs/Bclosure30/com_google_debugging_sourcemap_SourceMapGeneratorV3_offsetValue_0_basic.dot,1,1,Constant,1.,1.
454,/home/tunghn1/Inf199/PathComplexity/scripts/cfgextractor/outputs/Bclosure30/com_google_debugging_sourcemap_SourceMapGeneratorV3_prepMappings_0_basic.dot,3,3,Exponential,2.92*1.22^n,1. + 0.02*0.72^n + 0.45*1.06^n + 2.92*1.22^n
455,/home/tunghn1/Inf199/PathComplexity/scripts/cfgextractor/outputs/Bclosure30/com_google_debugging_sourcemap_SourceMapGeneratorV3_reset_0_basic.dot,1,1,Constant,1.,1.
456,/home/tunghn1/Inf199/PathComplexity/scripts/cfgextractor/outputs/Bclosure30/com_google_debugging_sourcemap_SourceMapGeneratorV3_setStartingPosition_0_basic.dot,3,4,Constant,4.,4.
457,/home/tunghn1/Inf199/PathComplexity/scripts/cfgextractor/outputs/Bclosure30/com_google_debugging_sourcemap_SourceMapGeneratorV3_setWrapperPrefix_0_basic.dot,3,3,Exponential,4.18*2.^(0.25*n),1. + 4.18*2.^(0.25*n)
458,/home/tunghn1/Inf199/PathComplexity/scripts/cfgextractor/outputs/Bclosure30/com_google_debugging_sourcemap_SourceMapGeneratorV3_validate_0_basic.dot,1,1,Constant,1.,1.
459,/home/tunghn1/Inf199/PathComplexity/scripts/cfgextractor/outputs/Bclosure30/com_google_debugging_sourcemap_SourceMapGeneratorV3$ConsumerEntryVisitor_<init>_0_basic.dot,1,1,Constant,1.,1.
460,/home/tunghn1/Inf199/PathComplexity/scripts/cfgextractor/outputs/Bclosure30/com_google_debugging_sourcemap_SourceMapGeneratorV3$ConsumerEntryVisitor_visit_0_basic.dot,1,1,Constant,1.,1.
461,/home/tunghn1/Inf199/PathComplexity/scripts/cfgextractor/outputs/Bclosure30/com_google_debugging_sourcemap_SourceMapGeneratorV3$LineMapper_appendLineMappings_0_basic.dot,1,1,Constant,1.,1.
462,/home/tunghn1/Inf199/PathComplexity/scripts/cfgextractor/outputs/Bclosure30/com_google_debugging_sourcemap_SourceMapGeneratorV3$LineMapper_closeLine_0_basic.dot,2,2,Constant,2.,2.
463,/home/tunghn1/Inf199/PathComplexity/scripts/cfgextractor/outputs/Bclosure30/com_google_debugging_sourcemap_SourceMapGeneratorV3$LineMapper_<init>_0_basic.dot,1,1,Constant,1.,1.
464,/home/tunghn1/Inf199/PathComplexity/scripts/cfgextractor/outputs/Bclosure30/com_google_debugging_sourcemap_SourceMapGeneratorV3$LineMapper_openLine_0_basic.dot,2,2,Constant,2.,2.
465,/home/tunghn1/Inf199/PathComplexity/scripts/cfgextractor/outputs/Bclosure30/com_google_debugging_sourcemap_SourceMapGeneratorV3$LineMapper_visit_0_basic.dot,8,60,Polynomial,13.33*n,92.77 + 13.33*n
466,/home/tunghn1/Inf199/PathComplexity/scripts/cfgextractor/outputs/Bclosure30/com_google_debugging_sourcemap_SourceMapGeneratorV3$LineMapper_writeEntry_0_basic.dot,3,3,Constant,3.,3.
467,/home/tunghn1/Inf199/PathComplexity/scripts/cfgextractor/outputs/Bclosure30/com_google_debugging_sourcemap_SourceMapGeneratorV3$Mapping_<init>_0_basic.dot,1,1,Constant,1.,1.
468,/home/tunghn1/Inf199/PathComplexity/scripts/cfgextractor/outputs/Bclosure30/com_google_debugging_sourcemap_SourceMapGeneratorV3$MappingTraversal_getAdjustedCol_0_basic.dot,2,2,Constant,2.,2.
469,/home/tunghn1/Inf199/PathComplexity/scripts/cfgextractor/outputs/Bclosure30/com_google_debugging_sourcemap_SourceMapGeneratorV3$MappingTraversal_getAdjustedLine_0_basic.dot,1,1,Constant,1.,1.
470,/home/tunghn1/Inf199/PathComplexity/scripts/cfgextractor/outputs/Bclosure30/com_google_debugging_sourcemap_SourceMapGeneratorV3$MappingTraversal_<init>_0_basic.dot,1,1,Constant,1.,1.
471,/home/tunghn1/Inf199/PathComplexity/scripts/cfgextractor/outputs/Bclosure30/com_google_debugging_sourcemap_SourceMapGeneratorV3$MappingTraversal_isOverlapped_0_basic.dot,4,5,Constant,5.,5.
472,/home/tunghn1/Inf199/PathComplexity/scripts/cfgextractor/outputs/Bclosure30/com_google_debugging_sourcemap_SourceMapGeneratorV3$MappingTraversal_maybeVisit_0_basic.dot,4,4,Constant,4.,4.
473,/home/tunghn1/Inf199/PathComplexity/scripts/cfgextractor/outputs/Bclosure30/com_google_debugging_sourcemap_SourceMapGeneratorV3$MappingTraversal_maybeVisitParent_0_basic.dot,6,12,Constant,12.,12.
474,/home/tunghn1/Inf199/PathComplexity/scripts/cfgextractor/outputs/Bclosure30/com_google_debugging_sourcemap_SourceMapGeneratorV3$MappingTraversal_traverse_0_basic.dot,5,8,Exponential,7.66*1.32^n,1.22 + 0.07*0.87^n + 7.66*1.32^n
475,/home/tunghn1/Inf199/PathComplexity/scripts/cfgextractor/outputs/Bclosure30/com_google_debugging_sourcemap_SourceMapGeneratorV3$MappingTraversal_visit_0_basic.dot,6,18,Constant,18.,18.
476,/home/tunghn1/Inf199/PathComplexity/scripts/cfgextractor/outputs/Bclosure30/com_google_debugging_sourcemap_SourceMapGeneratorV3$UsedMappingCheck_<init>_0_basic.dot,1,1,Constant,1.,1.
477,/home/tunghn1/Inf199/PathComplexity/scripts/cfgextractor/outputs/Bclosure30/com_google_debugging_sourcemap_SourceMapGeneratorV3$UsedMappingCheck_visit_0_basic.dot,2,2,Constant,2.,2.
478,/home/tunghn1/Inf199/PathComplexity/scripts/cfgextractor/outputs/Bclosure30/com_google_debugging_sourcemap_SourceMapLineDecoder_addBase64Digit_0_basic.dot,1,1,Constant,1.,1.
479,/home/tunghn1/Inf199/PathComplexity/scripts/cfgextractor/outputs/Bclosure30/com_google_debugging_sourcemap_SourceMapLineDecoder_decodeLine_0_basic.dot,3,3,Exponential,1.8900000000000001*1.62^(0.5*n),0. + 0.17*0.62^(0.5*n) + 1.8900000000000001*1.62^(0.5*n)
480,/home/tunghn1/Inf199/PathComplexity/scripts/cfgextractor/outputs/Bclosure30/com_google_debugging_sourcemap_SourceMapLineDecoder_decodeLineEntry_0_basic.dot,5,12,Polynomial,0.02*n^3.,20. + 6.17*n + 0.63*n^2. + 0.02*n^3.
481,/home/tunghn1/Inf199/PathComplexity/scripts/cfgextractor/outputs/Bclosure30/com_google_debugging_sourcemap_SourceMapLineDecoder_getIdFromRelativeId_0_basic.dot,2,2,Constant,2.,2.
482,/home/tunghn1/Inf199/PathComplexity/scripts/cfgextractor/outputs/Bclosure30/com_google_debugging_sourcemap_SourceMapLineDecoder_<init>_0_basic.dot,1,1,Constant,1.,1.
483,/home/tunghn1/Inf199/PathComplexity/scripts/cfgextractor/outputs/Bclosure30/com_google_debugging_sourcemap_SourceMapLineDecoder$LineEntry_<init>_0_basic.dot,1,1,Constant,1.,1.
484,/home/tunghn1/Inf199/PathComplexity/scripts/cfgextractor/outputs/Bclosure30/com_google_debugging_sourcemap_SourceMapLineDecoder$StringParser_hasNext_0_basic.dot,2,2,Constant,2.,2.
485,/home/tunghn1/Inf199/PathComplexity/scripts/cfgextractor/outputs/Bclosure30/com_google_debugging_sourcemap_SourceMapLineDecoder$StringParser_<init>_0_basic.dot,1,1,Constant,1.,1.
486,/home/tunghn1/Inf199/PathComplexity/scripts/cfgextractor/outputs/Bclosure30/com_google_debugging_sourcemap_SourceMapLineDecoder$StringParser_next_0_basic.dot,1,1,Constant,1.,1.
487,/home/tunghn1/Inf199/PathComplexity/scripts/cfgextractor/outputs/Bclosure30/com_google_debugging_sourcemap_SourceMapLineDecoder$StringParser_peek_0_basic.dot,1,1,Constant,1.,1.
488,/home/tunghn1/Inf199/PathComplexity/scripts/cfgextractor/outputs/Bclosure30/com_google_debugging_sourcemap_SourceMapParseException_<init>_0_basic.dot,1,1,Constant,1.,1.
489,/home/tunghn1/Inf199/PathComplexity/scripts/cfgextractor/outputs/Bclosure30/com_google_debugging_sourcemap_SourceMapSection_<clinit>_0_basic.dot,2,2,Constant,2.,2.
490,/home/tunghn1/Inf199/PathComplexity/scripts/cfgextractor/outputs/Bclosure30/com_google_debugging_sourcemap_SourceMapSection_forMap_0_basic.dot,1,1,Constant,1.,1.
491,/home/tunghn1/Inf199/PathComplexity/scripts/cfgextractor/outputs/Bclosure30/com_google_debugging_sourcemap_SourceMapSection_forURL_0_basic.dot,1,1,Constant,1.,1.
492,/home/tunghn1/Inf199/PathComplexity/scripts/cfgextractor/outputs/Bclosure30/com_google_debugging_sourcemap_SourceMapSection_getColumn_0_basic.dot,1,1,Constant,1.,1.
493,/home/tunghn1/Inf199/PathComplexity/scripts/cfgextractor/outputs/Bclosure30/com_google_debugging_sourcemap_SourceMapSection_getLine_0_basic.dot,1,1,Constant,1.,1.
494,/home/tunghn1/Inf199/PathComplexity/scripts/cfgextractor/outputs/Bclosure30/com_google_debugging_sourcemap_SourceMapSection_getSectionType_0_basic.dot,1,1,Constant,1.,1.
495,/home/tunghn1/Inf199/PathComplexity/scripts/cfgextractor/outputs/Bclosure30/com_google_debugging_sourcemap_SourceMapSection_getSectionUrl_0_basic.dot,3,3,Constant,3.,3.
496,/home/tunghn1/Inf199/PathComplexity/scripts/cfgextractor/outputs/Bclosure30/com_google_debugging_sourcemap_SourceMapSection_getSectionValue_0_basic.dot,1,1,Constant,1.,1.
497,/home/tunghn1/Inf199/PathComplexity/scripts/cfgextractor/outputs/Bclosure30/com_google_debugging_sourcemap_SourceMapSection_<init>_0_basic.dot,1,1,Constant,1.,1.
498,/home/tunghn1/Inf199/PathComplexity/scripts/cfgextractor/outputs/Bclosure30/com_google_debugging_sourcemap_SourceMapSection$SectionType_<clinit>_0_basic.dot,1,1,Constant,1.,1.
499,/home/tunghn1/Inf199/PathComplexity/scripts/cfgextractor/outputs/Bclosure30/com_google_debugging_sourcemap_SourceMapSection$SectionType_<init>_0_basic.dot,1,1,Constant,1.,1.
500,/home/tunghn1/Inf199/PathComplexity/scripts/cfgextractor/outputs/Bclosure30/com_google_debugging_sourcemap_SourceMapSection$SectionType_valueOf_0_basic.dot,1,1,Constant,1.,1.
501,/home/tunghn1/Inf199/PathComplexity/scripts/cfgextractor/outputs/Bclosure30/com_google_debugging_sourcemap_SourceMapSection$SectionType_values_0_basic.dot,1,1,Constant,1.,1.
502,/home/tunghn1/Inf199/PathComplexity/scripts/cfgextractor/outputs/Bclosure30/com_google_debugging_sourcemap_Util_appendCharAsHex_0_basic.dot,2,2,Constant,2.,2.
503,/home/tunghn1/Inf199/PathComplexity/scripts/cfgextractor/outputs/Bclosure30/com_google_debugging_sourcemap_Util_appendHexJavaScriptRepresentation_0_basic.dot,2,2,Constant,2.,2.
504,/home/tunghn1/Inf199/PathComplexity/scripts/cfgextractor/outputs/Bclosure30/com_google_debugging_sourcemap_Util_<clinit>_0_basic.dot,1,1,Constant,1.,1.
505,/home/tunghn1/Inf199/PathComplexity/scripts/cfgextractor/outputs/Bclosure30/com_google_debugging_sourcemap_Util_escapeString_0_basic.dot,21,23,Exponential,4.29518849*^6*1.77^n,0.05 + 0.03*0.96^n + 12500.39*1.44^n + 41981.06*1.57^n + 4.29518849*^6*1.77^n
506,/home/tunghn1/Inf199/PathComplexity/scripts/cfgextractor/outputs/Bclosure30/com_google_debugging_sourcemap_Util_<init>_0_basic.dot,1,1,Constant,1.,1.
507,/home/tunghn1/Inf199/PathComplexity/scripts/cfgextractor/outputs/Bclosure30/com_google_javascript_jscomp_AbstractCommandLineRunner_access$4700_0_basic.dot,1,1,Constant,1.,1.
508,/home/tunghn1/Inf199/PathComplexity/scripts/cfgextractor/outputs/Bclosure30/com_google_javascript_jscomp_AbstractCommandLineRunner_checkModuleName_0_basic.dot,2,2,Constant,2.,2.
509,/home/tunghn1/Inf199/PathComplexity/scripts/cfgextractor/outputs/Bclosure30/com_google_javascript_jscomp_AbstractCommandLineRunner_constructRootRelativePathsMap_0_basic.dot,4,5,Exponential,4.54*2.^(0.33*n),0.33 + 2.92*1.26^n + 4.54*2.^(0.33*n)
510,/home/tunghn1/Inf199/PathComplexity/scripts/cfgextractor/outputs/Bclosure30/com_google_javascript_jscomp_AbstractCommandLineRunner_createDefineOrTweakReplacements_0_basic.dot,17,57,Exponential,10434.210000000001*1.42^n,1.62 + 2.7*1.17^n + 78.41000000000001*1.19^n + 16.*1.21^n + 94.65*1.25^n + 410.11*1.31^n + 10434.210000000001*1.42^n
511,/home/tunghn1/Inf199/PathComplexity/scripts/cfgextractor/outputs/Bclosure30/com_google_javascript_jscomp_AbstractCommandLineRunner_createExternInputs_0_basic.dot,3,3,Constant,3.,3.
512,/home/tunghn1/Inf199/PathComplexity/scripts/cfgextractor/outputs/Bclosure30/com_google_javascript_jscomp_AbstractCommandLineRunner_createExterns_0_basic.dot,2,2,Constant,2.,2.
513,/home/tunghn1/Inf199/PathComplexity/scripts/cfgextractor/outputs/Bclosure30/com_google_javascript_jscomp_AbstractCommandLineRunner_createInputs_0_basic.dot,7,7,Exponential,26.11*1.62^(0.25*n),5. + 26.11*1.62^(0.25*n) + (0.16*1.24^(0.25*n)*1.41^n)/2.^(0.75*n)
514,/home/tunghn1/Inf199/PathComplexity/scripts/cfgextractor/outputs/Bclosure30/com_google_javascript_jscomp_AbstractCommandLineRunner_createJsModules_0_basic.dot,18,253,Exponential,7884.400000000001*1.22^n,13. + 0.05*0.8200000000000001^n + 0.19*0.89^n + 0.36*0.9500000000000001^n + 2.88*0.98^n + 2.92*1.01^n + 5.01*1.06^n + 176.91000000000003*1.08^n + 7884.400000000001*1.22^n
515,/home/tunghn1/Inf199/PathComplexity/scripts/cfgextractor/outputs/Bclosure30/com_google_javascript_jscomp_AbstractCommandLineRunner_createSourceInputs_0_basic.dot,4,4,Constant,4.,4.
516,/home/tunghn1/Inf199/PathComplexity/scripts/cfgextractor/outputs/Bclosure30/com_google_javascript_jscomp_AbstractCommandLineRunner_doRun_0_basic.dot,8,48,Constant,48.,48.
517,/home/tunghn1/Inf199/PathComplexity/scripts/cfgextractor/outputs/Bclosure30/com_google_javascript_jscomp_AbstractCommandLineRunner_enableTestMode_0_basic.dot,3,4,Constant,4.,4.
518,/home/tunghn1/Inf199/PathComplexity/scripts/cfgextractor/outputs/Bclosure30/com_google_javascript_jscomp_AbstractCommandLineRunner_expandCommandLinePath_0_basic.dot,3,3,Constant,3.,3.
519,/home/tunghn1/Inf199/PathComplexity/scripts/cfgextractor/outputs/Bclosure30/com_google_javascript_jscomp_AbstractCommandLineRunner_expandSourceMapPath_0_basic.dot,2,2,Constant,2.,2.
520,/home/tunghn1/Inf199/PathComplexity/scripts/cfgextractor/outputs/Bclosure30/com_google_javascript_jscomp_AbstractCommandLineRunner_fileNameToLegacyOutputWriter_0_basic.dot,3,3,Constant,3.,3.
521,/home/tunghn1/Inf199/PathComplexity/scripts/cfgextractor/outputs/Bclosure30/com_google_javascript_jscomp_AbstractCommandLineRunner_filenameToOutputStream_0_basic.dot,2,2,Constant,2.,2.
522,/home/tunghn1/Inf199/PathComplexity/scripts/cfgextractor/outputs/Bclosure30/com_google_javascript_jscomp_AbstractCommandLineRunner_fileNameToOutputWriter2_0_basic.dot,3,3,Constant,3.,3.
523,/home/tunghn1/Inf199/PathComplexity/scripts/cfgextractor/outputs/Bclosure30/com_google_javascript_jscomp_AbstractCommandLineRunner_getCommandLineConfig_0_basic.dot,1,1,Constant,1.,1.
524,/home/tunghn1/Inf199/PathComplexity/scripts/cfgextractor/outputs/Bclosure30/com_google_javascript_jscomp_AbstractCommandLineRunner_getCompiler_0_basic.dot,1,1,Constant,1.,1.
525,/home/tunghn1/Inf199/PathComplexity/scripts/cfgextractor/outputs/Bclosure30/com_google_javascript_jscomp_AbstractCommandLineRunner_getDiagnosticGroups_0_basic.dot,2,2,Constant,2.,2.
526,/home/tunghn1/Inf199/PathComplexity/scripts/cfgextractor/outputs/Bclosure30/com_google_javascript_jscomp_AbstractCommandLineRunner_getErrorPrintStream_0_basic.dot,1,1,Constant,1.,1.
527,/home/tunghn1/Inf199/PathComplexity/scripts/cfgextractor/outputs/Bclosure30/com_google_javascript_jscomp_AbstractCommandLineRunner_getInputCharset_0_basic.dot,3,3,Constant,3.,3.
528,/home/tunghn1/Inf199/PathComplexity/scripts/cfgextractor/outputs/Bclosure30/com_google_javascript_jscomp_AbstractCommandLineRunner_getLegacyOutputCharset_0_basic.dot,3,3,Constant,3.,3.
529,/home/tunghn1/Inf199/PathComplexity/scripts/cfgextractor/outputs/Bclosure30/com_google_javascript_jscomp_AbstractCommandLineRunner_getMapPath_0_basic.dot,4,4,Constant,4.,4.
530,/home/tunghn1/Inf199/PathComplexity/scripts/cfgextractor/outputs/Bclosure30/com_google_javascript_jscomp_AbstractCommandLineRunner_getModuleOutputFileName_0_basic.dot,1,1,Constant,1.,1.
531,/home/tunghn1/Inf199/PathComplexity/scripts/cfgextractor/outputs/Bclosure30/com_google_javascript_jscomp_AbstractCommandLineRunner_getOutputCharset2_0_basic.dot,3,3,Constant,3.,3.
532,/home/tunghn1/Inf199/PathComplexity/scripts/cfgextractor/outputs/Bclosure30/com_google_javascript_jscomp_AbstractCommandLineRunner_<init>_0_basic.dot,1,1,Constant,1.,1.
533,/home/tunghn1/Inf199/PathComplexity/scripts/cfgextractor/outputs/Bclosure30/com_google_javascript_jscomp_AbstractCommandLineRunner_initOptionsFromFlags_0_basic.dot,1,1,Constant,1.,1.
534,/home/tunghn1/Inf199/PathComplexity/scripts/cfgextractor/outputs/Bclosure30/com_google_javascript_jscomp_AbstractCommandLineRunner_isInTestMode_0_basic.dot,1,1,Constant,1.,1.
535,/home/tunghn1/Inf199/PathComplexity/scripts/cfgextractor/outputs/Bclosure30/com_google_javascript_jscomp_AbstractCommandLineRunner_maybeCreateDirsForPath_0_basic.dot,4,5,Constant,5.,5.
536,/home/tunghn1/Inf199/PathComplexity/scripts/cfgextractor/outputs/Bclosure30/com_google_javascript_jscomp_AbstractCommandLineRunner_openExternExportsStream_0_basic.dot,3,3,Constant,3.,3.
537,/home/tunghn1/Inf199/PathComplexity/scripts/cfgextractor/outputs/Bclosure30/com_google_javascript_jscomp_AbstractCommandLineRunner_outputBundle_0_basic.dot,1,1,Constant,1.,1.
538,/home/tunghn1/Inf199/PathComplexity/scripts/cfgextractor/outputs/Bclosure30/com_google_javascript_jscomp_AbstractCommandLineRunner_outputManifest_0_basic.dot,1,1,Constant,1.,1.
539,/home/tunghn1/Inf199/PathComplexity/scripts/cfgextractor/outputs/Bclosure30/com_google_javascript_jscomp_AbstractCommandLineRunner_outputManifestOrBundle_0_basic.dot,9,9,Exponential,121.06*1.35^n,0.6 + 7.75*1.22^n + 121.06*1.35^n + (2.13*1.41^n)/2.^(0.38*n) + 3.2800000000000002*2.^(0.12*n)
540,/home/tunghn1/Inf199/PathComplexity/scripts/cfgextractor/outputs/Bclosure30/com_google_javascript_jscomp_AbstractCommandLineRunner_outputNameMaps_0_basic.dot,12,222,Constant,222.,222.
541,/home/tunghn1/Inf199/PathComplexity/scripts/cfgextractor/outputs/Bclosure30/com_google_javascript_jscomp_AbstractCommandLineRunner_outputSourceMap_0_basic.dot,2,2,Constant,2.,2.
542,/home/tunghn1/Inf199/PathComplexity/scripts/cfgextractor/outputs/Bclosure30/com_google_javascript_jscomp_AbstractCommandLineRunner_outputTracerReport_0_basic.dot,4,5,Polynomial,0.12*n^2.,4. + 1.25*n + 0.12*n^2.

                                        5
General::munfl: (-0.809017 - 0.587785 I)  is too small to represent as a normalized machine number; precision may be lost.

                                        5
General::munfl: (-0.809017 + 0.587785 I)  is too small to represent as a normalized machine number; precision may be lost.
543,/home/tunghn1/Inf199/PathComplexity/scripts/cfgextractor/outputs/Bclosure30/com_google_javascript_jscomp_AbstractCommandLineRunner_parseModuleWrappers_0_basic.dot,7,20,Polynomial,0.4*n^2.,53.12 + 9.200000000000001*n + 0.4*n^2.

                                      5
General::munfl: (0.354967 + 1.09248 I)  is too small to represent as a normalized machine number; precision may be lost.

General::stop: Further output of General::munfl will be suppressed during this calculation.
544,/home/tunghn1/Inf199/PathComplexity/scripts/cfgextractor/outputs/Bclosure30/com_google_javascript_jscomp_AbstractCommandLineRunner_printBundleTo_0_basic.dot,5,5,Exponential,12.48*2.^(0.2*n),3. + 2.46*1.1500000000000001^n + 12.48*2.^(0.2*n)
545,/home/tunghn1/Inf199/PathComplexity/scripts/cfgextractor/outputs/Bclosure30/com_google_javascript_jscomp_AbstractCommandLineRunner_printManifestTo_0_basic.dot,3,3,Exponential,4.18*2.^(0.25*n),1. + 4.18*2.^(0.25*n)
546,/home/tunghn1/Inf199/PathComplexity/scripts/cfgextractor/outputs/Bclosure30/com_google_javascript_jscomp_AbstractCommandLineRunner_printModuleGraphManifestOrBundleTo_0_basic.dot,5,7,Exponential,7.3100000000000005*1.31^n,0.2 + 0.01*0.88^n + 0.2*1.04^n + 0.3*1.07^n + 1.62*1.19^n + 7.3100000000000005*1.31^n
547,/home/tunghn1/Inf199/PathComplexity/scripts/cfgextractor/outputs/Bclosure30/com_google_javascript_jscomp_AbstractCommandLineRunner_processResults_0_basic.dot,21,413,Exponential,71624.16*1.47^n,12.3 + 24.900000000000002*1.1500000000000001^n + 12661.210000000001*1.3900000000000001^n + 71624.16*1.47^n
548,/home/tunghn1/Inf199/PathComplexity/scripts/cfgextractor/outputs/Bclosure30/com_google_javascript_jscomp_AbstractCommandLineRunner_run_0_basic.dot,10,65,Polynomial,10.67*n,113.77 + 10.67*n
